96.3796, s, 101.8, degC
96.8955, s, 101.8, degC
97.4113, s, 101.9, degC
97.9273, s, 101.9, degC
98.4431, s, 102.0, degC
98.9591, s, 102.0, degC
99.4750, s, 102.1, degC
99.9908, s, 102.2, degC
100.5065, s, 102.2, degC
101.0223, s, 102.2, degC
101.5384, s, 102.3, degC
102.0543, s, 102.3, degC
102.5701, s, 102.3, degC
103.0860, s, 102.3, degC
103.6019, s, 102.3, degC
104.1325, s, 102.3, degC
104.6336, s, 102.3, degC
105.1494, s, 102.4, degC
105.6654, s, 102.4, degC
106.1813, s, 102.4, degC
106.6971, s, 102.5, degC
107.2129, s, 102.5, degC
107.7311, s, 102.5, degC
108.2448, s, 102.5, degC
108.7607, s, 102.6, degC
109.2765, s, 102.6, degC
109.7923, s, 102.7, degC
110.3084, s, 97.2, degC
110.8242, s, 102.8, degC
111.3400, s, 102.8, degC
111.8558, s, 102.8, degC
112.3719, s, 102.8, degC
112.8878, s, 102.8, degC
113.4034, s, 102.8, degC
113.9193, s, 102.8, degC
114.4351, s, 102.9, degC
114.9513, s, 102.9, degC
115.4670, s, 102.9, degC
115.9828, s, 102.9, degC
116.4987, s, 102.9, degC
117.0270, s, 102.9, degC
117.5307, s, 102.9, degC
118.0464, s, 102.9, degC
118.5622, s, 102.9, degC
119.0782, s, 102.9, degC
119.5940, s, 102.9, degC
120.1099, s, 102.8, degC
120.6257, s, 102.8, degC
121.1413, s, 102.8, degC
121.6575, s, 102.7, degC
122.1734, s, 102.7, degC
122.6892, s, 102.7, degC
123.2049, s, 102.6, degC
123.7210, s, 102.6, degC
124.2489, s, 102.5, degC
124.7527, s, 102.5, degC
125.2685, s, 102.5, degC
125.7846, s, 102.5, degC
126.3003, s, 102.5, degC
126.8163, s, 102.5, degC
127.3321, s, 102.5, degC
127.8480, s, 102.4, degC
128.3639, s, 102.4, degC
128.8797, s, 102.3, degC
129.3955, s, 102.3, degC
129.9113, s, 102.2, degC
130.4272, s, 102.2, degC
130.9432, s, 102.2, degC
131.4591, s, 102.2, degC
131.9750, s, 102.2, degC
132.4909, s, 102.2, degC
133.0068, s, 102.2, degC
133.5447, s, 102.1, degC
134.0383, s, 102.1, degC
134.5544, s, 102.1, degC
135.0703, s, 102.0, degC
135.5856, s, 102.0, degC
136.1019, s, 102.0, degC
136.6175, s, 102.0, degC
137.1431, s, 101.9, degC
137.6495, s, 101.9, degC
138.1652, s, 101.9, degC
138.6812, s, 101.8, degC
139.1972, s, 101.8, degC
139.7131, s, 101.7, degC
140.2290, s, 101.6, degC
140.7448, s, 101.6, degC
141.2603, s, 101.5, degC
141.7766, s, 101.5, degC
142.2924, s, 101.4, degC
142.8082, s, 101.4, degC
143.3240, s, 101.4, degC
143.8402, s, 101.3, degC
144.3559, s, 101.3, degC
144.8717, s, 101.2, degC
145.3876, s, 101.2, degC
145.9036, s, 101.2, degC
146.4391, s, 101.1, degC
146.9352, s, 101.1, degC
147.4511, s, 101.0, degC
147.9669, s, 101.0, degC
148.4830, s, 101.0, degC
148.9987, s, 101.0, degC
149.5146, s, 100.9, degC
150.0378, s, 100.9, degC
150.5465, s, 100.9, degC
151.0622, s, 100.9, degC
151.5781, s, 100.9, degC
152.0939, s, 100.8, degC
152.6101, s, 100.8, degC
153.1258, s, 100.8, degC
153.6417, s, 100.8, degC
154.1574, s, 100.8, degC
154.6733, s, 100.8, degC
155.1894, s, 100.7, degC
155.7052, s, 100.7, degC
156.2210, s, 100.7, degC
156.7371, s, 100.6, degC
157.2529, s, 100.6, degC
157.7687, s, 100.6, degC
158.2845, s, 100.6, degC
158.8004, s, 100.6, degC
159.3338, s, 100.5, degC
159.8322, s, 100.5, degC
160.3480, s, 100.5, degC
160.8637, s, 100.4, degC
161.3797, s, 100.4, degC
161.8957, s, 100.4, degC
162.4114, s, 100.4, degC
162.9321, s, 100.3, degC
163.4432, s, 100.3, degC
163.9592, s, 100.3, degC
164.4751, s, 100.1, degC
164.9908, s, 100.0, degC
165.5066, s, 100.0, degC
166.0230, s, 99.9, degC
166.5387, s, 99.9, degC
167.0543, s, 100.0, degC
167.5704, s, 99.9, degC
168.0863, s, 99.9, degC
168.6022, s, 99.9, degC
169.1180, s, 99.8, degC
169.6337, s, 99.8, degC
170.1496, s, 99.8, degC
170.6653, s, 99.8, degC
171.1812, s, 99.8, degC
171.6972, s, 99.8, degC
172.2279, s, 99.7, degC
172.7288, s, 99.7, degC
173.2447, s, 99.7, degC
173.7605, s, 99.6, degC
174.2766, s, 99.6, degC
174.7928, s, 99.6, degC
175.3085, s, 99.4, degC
175.8265, s, 99.3, degC
176.3401, s, 99.3, degC
176.8560, s, 99.3, degC
177.3720, s, 99.5, degC
177.8878, s, 99.4, degC
178.4037, s, 99.4, degC
178.9194, s, 99.4, degC
179.4355, s, 99.4, degC
179.9514, s, 99.3, degC
180.4672, s, 99.3, degC
180.9831, s, 99.2, degC
181.4988, s, 99.2, degC
182.0149, s, 99.2, degC
182.5307, s, 99.1, degC
183.0466, s, 99.1, degC
183.5947, s, 99.1, degC
184.1106, s, 99.0, degC
184.6265, s, 99.0, degC
185.1422, s, 99.0, degC
185.6581, s, 99.0, degC
186.1742, s, 98.9, degC
186.6899, s, 98.9, degC
187.2217, s, 98.9, degC
187.7211, s, 98.8, degC
188.2374, s, 98.8, degC
188.7531, s, 98.8, degC
189.2692, s, 98.8, degC
189.7848, s, 98.9, degC
190.3009, s, 98.9, degC
190.8201, s, 98.9, degC
191.3327, s, 98.8, degC
191.8487, s, 98.8, degC
192.3645, s, 98.8, degC
192.8805, s, 98.7, degC
193.3963, s, 98.7, degC
193.9121, s, 98.6, degC
194.4280, s, 98.6, degC
194.9441, s, 98.6, degC
195.4598, s, 98.5, degC
195.9757, s, 98.5, degC
196.4914, s, 98.4, degC
197.0073, s, 98.4, degC
197.5233, s, 98.3, degC
198.0392, s, 98.2, degC
198.5551, s, 98.2, degC
199.0708, s, 98.2, degC
199.5870, s, 98.2, degC
200.1164, s, 98.2, degC
200.6185, s, 98.2, degC
201.1343, s, 98.2, degC
201.6504, s, 98.1, degC
202.1662, s, 98.1, degC
202.6820, s, 98.1, degC
203.1979, s, 98.1, degC
203.7150, s, 98.1, degC
204.2298, s, 98.0, degC
204.7456, s, 98.0, degC
205.2614, s, 98.0, degC
205.7772, s, 98.0, degC
206.2932, s, 98.0, degC
206.8091, s, 98.0, degC
207.3249, s, 98.0, degC
207.8406, s, 98.0, degC
208.3567, s, 98.0, degC
208.8726, s, 98.0, degC
209.3884, s, 98.0, degC
209.9043, s, 97.9, degC
210.4201, s, 97.9, degC
210.9362, s, 97.9, degC
211.4519, s, 97.9, degC
211.9678, s, 97.8, degC
212.4835, s, 97.8, degC
213.0108, s, 97.8, degC
213.5154, s, 97.8, degC
214.0312, s, 97.7, degC
214.5471, s, 97.7, degC
215.0631, s, 97.7, degC
215.5790, s, 97.6, degC
216.0948, s, 97.6, degC
216.6106, s, 97.6, degC
217.1265, s, 97.6, degC
217.6426, s, 97.6, degC
218.1582, s, 97.6, degC
218.6741, s, 97.6, degC
219.1898, s, 97.6, degC
219.7060, s, 97.6, degC
220.2217, s, 97.5, degC
220.7372, s, 97.5, degC
221.2529, s, 97.5, degC
221.7689, s, 97.5, degC
222.3062, s, 97.4, degC
222.8010, s, 97.4, degC
223.3169, s, 97.4, degC
223.8330, s, 97.4, degC
224.3484, s, 97.3, degC
224.8645, s, 97.3, degC
225.3805, s, 97.3, degC
225.8963, s, 97.3, degC
226.4123, s, 97.3, degC
226.9282, s, 97.3, degC
227.4439, s, 97.2, degC
227.9597, s, 97.2, degC
228.4758, s, 97.2, degC
228.9916, s, 97.1, degC
229.5287, s, 97.1, degC
230.0233, s, 97.1, degC
230.5392, s, 97.1, degC
231.0552, s, 97.0, degC
231.5710, s, 97.0, degC
232.0868, s, 97.0, degC
232.6026, s, 97.0, degC
233.1271, s, 96.9, degC
233.6346, s, 96.9, degC
234.1502, s, 96.9, degC
234.6662, s, 96.8, degC
235.1823, s, 96.8, degC
235.6981, s, 96.8, degC
236.2139, s, 96.7, degC
236.7297, s, 96.7, degC
237.2455, s, 96.7, degC
237.7616, s, 96.6, degC
238.2774, s, 96.6, degC
238.7931, s, 96.5, degC
239.3087, s, 96.5, degC
239.8247, s, 96.5, degC
240.3405, s, 96.4, degC
240.8564, s, 96.4, degC
241.3720, s, 96.4, degC
241.8882, s, 96.4, degC
242.4227, s, 96.4, degC
242.9198, s, 96.3, degC
243.4357, s, 96.3, degC
243.9514, s, 96.3, degC
244.4675, s, 96.3, degC
244.9833, s, 96.3, degC
245.4992, s, 96.3, degC
246.0212, s, 96.2, degC
246.5310, s, 96.2, degC
247.0469, s, 96.3, degC
247.5627, s, 96.2, degC
248.0786, s, 96.2, degC
248.5946, s, 96.2, degC
249.1104, s, 96.2, degC
249.6262, s, 96.2, degC
250.1421, s, 96.1, degC
250.6577, s, 96.1, degC
251.1738, s, 96.1, degC
251.6900, s, 96.0, degC
252.2056, s, 96.0, degC
252.7216, s, 96.0, degC
253.2378, s, 95.9, degC
253.7536, s, 95.9, degC
254.2695, s, 95.9, degC
254.7848, s, 95.9, degC
255.3170, s, 95.9, degC
255.8165, s, 95.9, degC
256.3325, s, 95.8, degC
256.8485, s, 95.8, degC
257.3642, s, 95.8, degC
257.8803, s, 95.8, degC
258.3959, s, 95.8, degC
258.9155, s, 95.7, degC
259.4280, s, 95.7, degC
259.9438, s, 95.7, degC
260.4601, s, 95.7, degC
260.9753, s, 95.6, degC
261.4910, s, 95.6, degC
262.0074, s, 95.6, degC
262.5230, s, 95.6, degC
263.0388, s, 95.5, degC
263.5546, s, 95.5, degC
264.0707, s, 95.5, degC
264.5866, s, 95.5, degC
265.1023, s, 95.4, degC
265.6184, s, 95.5, degC
266.1341, s, 95.4, degC
266.6502, s, 95.4, degC
267.1659, s, 95.4, degC
267.6818, s, 95.4, degC
268.2116, s, 95.4, degC
268.7138, s, 95.4, degC
269.2294, s, 95.4, degC
269.7453, s, 95.4, degC
270.2612, s, 95.3, degC
270.7775, s, 95.3, degC
271.2934, s, 95.3, degC
271.8101, s, 95.2, degC
272.3266, s, 95.2, degC
272.8403, s, 95.2, degC
273.3564, s, 95.2, degC
273.8722, s, 95.1, degC
274.3879, s, 95.1, degC
274.9038, s, 95.1, degC
275.4200, s, 95.0, degC
275.9359, s, 95.0, degC
276.4518, s, 95.0, degC
276.9682, s, 94.9, degC
277.4831, s, 94.9, degC
277.9993, s, 94.9, degC
278.5150, s, 94.8, degC
279.0308, s, 94.8, degC
279.5466, s, 94.8, degC
280.0628, s, 94.7, degC
280.5787, s, 94.8, degC
281.1060, s, 94.7, degC
281.6102, s, 94.7, degC
282.1263, s, 94.7, degC
282.6422, s, 94.7, degC
283.1581, s, 94.7, degC
283.6737, s, 94.6, degC
284.2219, s, 94.6, degC
284.7378, s, 94.5, degC
285.2536, s, 94.5, degC
285.7696, s, 94.5, degC
286.2853, s, 94.5, degC
286.8038, s, 94.5, degC
287.3172, s, 94.5, degC
287.8331, s, 94.5, degC
288.3488, s, 94.5, degC
288.8650, s, 94.4, degC
289.3808, s, 94.4, degC
289.8966, s, 94.4, degC
290.4123, s, 94.4, degC
290.9285, s, 94.3, degC
291.4443, s, 94.3, degC
291.9602, s, 94.3, degC
292.4759, s, 94.3, degC
292.9919, s, 94.2, degC
293.5077, s, 94.2, degC
294.0247, s, 94.2, degC
294.5395, s, 94.2, degC
295.0552, s, 94.1, degC
295.5713, s, 94.1, degC
296.0997, s, 94.1, degC
296.6030, s, 94.1, degC
297.1188, s, 94.0, degC
297.6349, s, 94.0, degC
298.1507, s, 93.9, degC
298.6665, s, 93.9, degC
299.1823, s, 93.9, degC
299.6980, s, 94.0, degC
300.2141, s, 94.0, degC
300.7299, s, 94.0, degC
301.2460, s, 94.0, degC
301.7616, s, 94.0, degC
302.2777, s, 93.9, degC
302.7934, s, 93.9, degC
303.3093, s, 93.9, degC
303.8252, s, 93.9, degC
304.3411, s, 93.8, degC
304.8570, s, 93.8, degC
305.3956, s, 93.8, degC
305.8888, s, 93.8, degC
306.4044, s, 93.8, degC
306.9205, s, 93.8, degC
307.4365, s, 93.8, degC
307.9522, s, 93.7, degC
308.4680, s, 93.7, degC
308.9939, s, 93.7, degC
309.4999, s, 93.7, degC
310.0158, s, 93.7, degC
310.5317, s, 93.7, degC
311.0474, s, 93.7, degC
311.5634, s, 93.7, degC
312.0793, s, 93.7, degC
312.5950, s, 93.7, degC
313.1112, s, 93.7, degC
313.6267, s, 93.7, degC
314.1429, s, 93.7, degC
314.6584, s, 93.7, degC
315.1744, s, 93.7, degC
315.6909, s, 93.7, degC
316.2062, s, 93.6, degC
316.7221, s, 93.6, degC
317.2381, s, 93.6, degC
317.7540, s, 93.6, degC
318.2902, s, 93.6, degC
318.7855, s, 93.5, degC
319.3014, s, 93.5, degC
319.8175, s, 93.5, degC
320.3333, s, 93.5, degC
320.8492, s, 93.5, degC
321.3650, s, 93.4, degC
321.8886, s, 93.4, degC
322.3968, s, 93.4, degC
322.9128, s, 93.4, degC
323.4283, s, 93.3, degC
323.9443, s, 93.3, degC
324.4603, s, 93.3, degC
324.9767, s, 93.3, degC
325.5121, s, 93.3, degC
326.0077, s, 93.2, degC
326.5241, s, 93.2, degC
327.0396, s, 93.2, degC
327.5554, s, 93.2, degC
328.0713, s, 93.1, degC
328.5871, s, 93.1, degC
329.1105, s, 93.1, degC
329.6189, s, 93.1, degC
330.1348, s, 93.1, degC
330.6506, s, 93.1, degC
331.1667, s, 93.0, degC
331.6826, s, 93.0, degC
332.1983, s, 93.0, degC
332.7141, s, 93.0, degC
333.2300, s, 92.9, degC
333.7461, s, 92.9, degC
334.2618, s, 92.8, degC
334.7779, s, 92.8, degC
335.2935, s, 92.7, degC
335.8095, s, 92.6, degC
336.3255, s, 92.7, degC
336.8413, s, 92.6, degC
337.3574, s, 92.7, degC
337.8730, s, 92.7, degC
338.4066, s, 92.7, degC
338.9047, s, 92.6, degC
339.4205, s, 92.6, degC
339.9365, s, 92.6, degC
340.4526, s, 92.5, degC
340.9681, s, 92.5, degC
341.4839, s, 92.5, degC
342.0048, s, 92.5, degC
342.5159, s, 92.5, degC
343.0319, s, 92.4, degC
343.5476, s, 92.4, degC
344.0635, s, 92.4, degC
344.5795, s, 92.3, degC
345.0951, s, 92.3, degC
345.6110, s, 92.3, degC
346.1269, s, 92.3, degC
346.6428, s, 92.3, degC
347.1586, s, 92.2, degC
347.6745, s, 92.2, degC
348.1909, s, 92.2, degC
348.7062, s, 92.2, degC
349.2222, s, 92.2, degC
349.7382, s, 92.2, degC
350.2539, s, 92.2, degC
350.7697, s, 92.2, degC
351.3009, s, 92.2, degC
351.8016, s, 92.2, degC
352.3176, s, 92.1, degC
352.8332, s, 92.1, degC
353.3493, s, 92.1, degC
353.8650, s, 92.1, degC
354.3809, s, 92.1, degC
354.8994, s, 92.1, degC
355.4127, s, 92.1, degC
355.9286, s, 92.1, degC
356.4444, s, 92.1, degC
356.9602, s, 92.1, degC
357.4760, s, 92.0, degC
357.9921, s, 92.0, degC
358.5080, s, 91.9, degC
359.0237, s, 91.9, degC
359.5396, s, 91.8, degC
360.0557, s, 91.8, degC
360.5716, s, 91.8, degC
361.0873, s, 91.8, degC
361.6029, s, 91.8, degC
362.1190, s, 91.8, degC
362.6350, s, 91.8, degC
363.1509, s, 91.8, degC
363.6669, s, 91.7, degC
364.1953, s, 91.7, degC
364.6986, s, 91.7, degC
365.2143, s, 91.7, degC
365.7304, s, 91.7, degC
366.2462, s, 91.6, degC
366.7618, s, 91.6, degC
367.2779, s, 91.6, degC
367.7938, s, 91.6, degC
368.3096, s, 91.6, degC
368.8254, s, 91.6, degC
369.3414, s, 91.5, degC
369.8571, s, 91.5, degC
370.3731, s, 91.5, degC
370.8890, s, 91.5, degC
371.4050, s, 91.5, degC
371.9206, s, 91.5, degC
372.4367, s, 91.5, degC
372.9523, s, 91.4, degC
373.4681, s, 91.4, degC
373.9844, s, 91.3, degC
374.5001, s, 91.3, degC
375.0160, s, 91.3, degC
375.5318, s, 91.3, degC
376.0477, s, 91.3, degC
376.5636, s, 91.4, degC
377.0896, s, 91.4, degC
377.5952, s, 91.4, degC
378.1112, s, 91.4, degC
378.6270, s, 91.4, degC
379.1433, s, 91.3, degC
379.6587, s, 91.3, degC
380.1745, s, 91.3, degC
380.6911, s, 91.3, degC
381.2064, s, 91.3, degC
381.7223, s, 91.3, degC
382.2380, s, 91.3, degC
382.7540, s, 91.2, degC
383.2699, s, 91.2, degC
383.7859, s, 91.2, degC
384.3015, s, 91.2, degC
384.8499, s, 91.2, degC
385.3658, s, 91.2, degC
385.8815, s, 91.1, degC
386.3975, s, 91.1, degC
386.9136, s, 91.1, degC
387.4291, s, 91.1, degC
387.9450, s, 91.0, degC
388.4608, s, 91.0, degC
388.9767, s, 91.0, degC
389.4927, s, 91.0, degC
390.0084, s, 90.9, degC
390.5249, s, 90.9, degC
391.0402, s, 90.9, degC
391.5563, s, 91.0, degC
392.0835, s, 90.9, degC
392.5878, s, 90.9, degC
393.1037, s, 90.9, degC
393.6198, s, 90.9, degC
394.1355, s, 90.8, degC
394.6513, s, 90.8, degC
395.1673, s, 90.8, degC
395.6830, s, 90.8, degC
396.1990, s, 90.8, degC
396.7148, s, 90.8, degC
397.2307, s, 90.8, degC
397.7464, s, 90.8, degC
398.2625, s, 90.8, degC
398.7783, s, 90.8, degC
399.2941, s, 90.8, degC
399.8104, s, 90.7, degC
400.3260, s, 90.7, degC
400.8419, s, 90.7, degC
401.3794, s, 90.7, degC
401.8738, s, 90.7, degC
402.3893, s, 90.7, degC
402.9054, s, 90.6, degC
403.4211, s, 90.6, degC
403.9373, s, 90.6, degC
404.4529, s, 90.5, degC
404.9779, s, 90.4, degC
405.4848, s, 90.3, degC
406.0005, s, 90.3, degC
406.5166, s, 90.3, degC
407.0326, s, 90.3, degC
407.5482, s, 90.3, degC
408.0641, s, 90.3, degC
408.5800, s, 90.3, degC
409.0959, s, 90.3, degC
409.6118, s, 90.3, degC
410.1277, s, 90.2, degC
410.6433, s, 90.2, degC
411.1593, s, 90.2, degC
411.6752, s, 90.2, degC
412.1916, s, 90.1, degC
412.7070, s, 90.1, degC
413.2228, s, 90.1, degC
413.7389, s, 90.1, degC
414.2740, s, 90.1, degC
414.7705, s, 90.1, degC
415.2863, s, 90.0, degC
415.8022, s, 90.0, degC
416.3183, s, 90.0, degC
416.8339, s, 90.0, degC
417.3498, s, 90.0, degC
417.8723, s, 90.0, degC
418.3817, s, 89.9, degC
418.8975, s, 89.9, degC
419.4131, s, 89.9, degC
419.9291, s, 89.9, degC
420.4451, s, 89.9, degC
420.9610, s, 89.8, degC
421.4770, s, 89.8, degC
421.9930, s, 89.8, degC
422.5085, s, 89.8, degC
423.0251, s, 89.7, degC
423.5403, s, 89.7, degC
424.0567, s, 89.7, degC
424.5719, s, 89.7, degC
425.0942, s, 89.7, degC
425.6039, s, 89.6, degC
426.1197, s, 89.6, degC
426.6354, s, 89.6, degC
427.1515, s, 89.6, degC
427.6672, s, 89.6, degC
428.1835, s, 89.6, degC
428.6996, s, 89.6, degC
429.2155, s, 89.6, degC
429.7309, s, 89.6, degC
430.2466, s, 89.6, degC
430.7626, s, 89.5, degC
431.2786, s, 89.5, degC
431.7949, s, 89.5, degC
432.3102, s, 89.5, degC
432.8265, s, 89.5, degC
433.3418, s, 89.4, degC
433.8581, s, 89.4, degC
434.3902, s, 89.4, degC
434.8901, s, 89.4, degC
435.4054, s, 89.4, degC
435.9212, s, 89.4, degC
436.4378, s, 89.3, degC
436.9532, s, 89.3, degC
437.4688, s, 89.3, degC
437.9888, s, 89.3, degC
438.5008, s, 89.3, degC
439.0168, s, 89.3, degC
439.5326, s, 89.3, degC
440.0482, s, 89.3, degC
440.5642, s, 89.3, degC
441.0801, s, 89.3, degC
441.5959, s, 89.3, degC
442.1118, s, 89.2, degC
442.6275, s, 89.2, degC
443.1441, s, 89.2, degC
443.6595, s, 89.2, degC
444.1752, s, 89.2, degC
444.6914, s, 89.2, degC
445.2071, s, 89.2, degC
445.7234, s, 89.1, degC
446.2388, s, 89.1, degC
446.7545, s, 89.1, degC
447.2849, s, 89.1, degC
447.7868, s, 89.0, degC
448.3023, s, 89.0, degC
448.8185, s, 89.0, degC
449.3342, s, 89.0, degC
449.8502, s, 89.0, degC
450.3659, s, 89.0, degC
450.8832, s, 89.0, degC
451.3978, s, 89.0, degC
451.9135, s, 89.0, degC
452.4294, s, 88.9, degC
452.9454, s, 88.9, degC
453.4609, s, 88.9, degC
453.9774, s, 88.9, degC
454.4931, s, 88.9, degC
455.0086, s, 88.9, degC
455.5247, s, 88.9, degC
456.0405, s, 88.9, degC
456.5564, s, 88.9, degC
457.0723, s, 88.8, degC
457.5881, s, 88.8, degC
458.1038, s, 88.8, degC
458.6199, s, 88.8, degC
459.1359, s, 88.8, degC
459.6517, s, 88.8, degC
460.1792, s, 88.8, degC
460.6834, s, 88.8, degC
461.1993, s, 88.8, degC
461.7151, s, 88.7, degC
462.2310, s, 88.7, degC
462.7468, s, 88.7, degC
463.2627, s, 88.7, degC
463.7787, s, 88.7, degC
464.2943, s, 88.7, degC
464.8104, s, 88.7, degC
465.3264, s, 88.6, degC
465.8421, s, 88.6, degC
466.3580, s, 88.6, degC
466.8737, s, 88.6, degC
467.3900, s, 88.6, degC
467.9059, s, 88.6, degC
468.4215, s, 88.6, degC
468.9373, s, 88.5, degC
469.4753, s, 88.5, degC
469.9691, s, 88.5, degC
470.4852, s, 88.5, degC
471.0007, s, 88.5, degC
471.5167, s, 88.5, degC
472.0328, s, 88.4, degC
472.5485, s, 88.4, degC
473.0736, s, 88.4, degC
473.5800, s, 88.4, degC
474.0962, s, 88.3, degC
474.6121, s, 88.3, degC
475.1278, s, 88.3, degC
475.6438, s, 88.3, degC
476.1594, s, 88.3, degC
476.6754, s, 88.3, degC
477.1912, s, 88.3, degC
477.7072, s, 88.3, degC
478.2231, s, 88.2, degC
478.7390, s, 88.2, degC
479.2549, s, 88.2, degC
479.7706, s, 88.2, degC
480.2865, s, 88.2, degC
480.8025, s, 88.1, degC
481.3184, s, 88.1, degC
481.8342, s, 88.1, degC
482.3698, s, 88.1, degC
482.8659, s, 88.1, degC
483.3820, s, 88.1, degC
483.8975, s, 88.1, degC
484.4134, s, 88.1, degC
484.9293, s, 88.0, degC
485.4777, s, 88.0, degC
485.9934, s, 88.0, degC
486.5092, s, 88.0, degC
487.0253, s, 88.0, degC
487.5411, s, 87.9, degC
488.0674, s, 87.9, degC
488.5729, s, 87.9, degC
489.0887, s, 87.9, degC
489.6049, s, 87.8, degC
490.1205, s, 87.8, degC
490.6363, s, 87.8, degC
491.1523, s, 87.8, degC
491.6678, s, 87.7, degC
492.1840, s, 87.7, degC
492.7000, s, 87.7, degC
493.2157, s, 87.7, degC
493.7316, s, 87.7, degC
494.2476, s, 87.6, degC
494.7634, s, 87.6, degC
495.2792, s, 87.6, degC
495.7949, s, 87.6, degC
496.3117, s, 87.6, degC
496.8270, s, 87.6, degC
497.3637, s, 87.6, degC
497.8590, s, 87.6, degC
498.3749, s, 87.5, degC
498.8904, s, 87.5, degC
499.4062, s, 87.5, degC
499.9220, s, 87.5, degC
500.4378, s, 87.5, degC
500.9617, s, 87.4, degC
501.4697, s, 87.4, degC
501.9855, s, 87.4, degC
502.5013, s, 87.4, degC
503.0173, s, 87.4, degC
503.5334, s, 87.4, degC
504.0490, s, 87.4, degC
504.5649, s, 87.4, degC
505.0809, s, 87.4, degC
505.5967, s, 87.4, degC
506.1126, s, 87.4, degC
506.6283, s, 87.3, degC
507.1443, s, 87.3, degC
507.6602, s, 87.3, degC
508.1760, s, 87.3, degC
508.6921, s, 87.3, degC
509.2077, s, 87.3, degC
509.7240, s, 87.3, degC
510.2577, s, 87.3, degC
510.7554, s, 87.3, degC
511.2711, s, 87.3, degC
511.7874, s, 87.3, degC
512.3031, s, 87.2, degC
512.8190, s, 87.2, degC
513.3347, s, 87.2, degC
513.8564, s, 87.2, degC
514.3667, s, 87.2, degC
514.8824, s, 87.2, degC
515.3984, s, 87.1, degC
515.9141, s, 87.1, degC
516.4301, s, 87.0, degC
516.9460, s, 87.0, degC
517.4618, s, 87.0, degC
517.9776, s, 87.0, degC
518.4934, s, 87.1, degC
519.0094, s, 87.1, degC
519.5254, s, 87.1, degC
520.0411, s, 87.1, degC
520.5573, s, 87.1, degC
521.0730, s, 87.1, degC
521.5889, s, 87.1, degC
522.1047, s, 87.0, degC
522.6205, s, 87.0, degC
523.1524, s, 87.0, degC
523.6522, s, 87.0, degC
524.1682, s, 86.9, degC
524.6842, s, 86.8, degC
525.1998, s, 86.8, degC
525.7160, s, 86.8, degC
526.2319, s, 86.8, degC
526.7474, s, 86.8, degC
527.2633, s, 86.9, degC
527.7795, s, 86.9, degC
528.2953, s, 86.9, degC
528.8115, s, 86.9, degC
529.3270, s, 86.9, degC
529.8429, s, 86.9, degC
530.3740, s, 86.8, degC
530.8745, s, 86.8, degC
531.3906, s, 86.8, degC
531.9062, s, 86.8, degC
532.4222, s, 86.7, degC
532.9381, s, 86.7, degC
533.4540, s, 86.7, degC
533.9727, s, 86.7, degC
534.4858, s, 86.7, degC
535.0015, s, 86.8, degC
535.5175, s, 86.8, degC
536.0332, s, 86.8, degC
536.5493, s, 86.8, degC
537.0651, s, 86.8, degC
537.5807, s, 86.7, degC
538.0967, s, 86.7, degC
538.6126, s, 86.7, degC
539.1285, s, 86.7, degC
539.6447, s, 86.7, degC
540.1602, s, 86.6, degC
540.6760, s, 86.6, degC
541.1920, s, 86.6, degC
541.7093, s, 86.6, degC
542.2238, s, 86.6, degC
542.7395, s, 86.6, degC
543.2685, s, 86.6, degC
543.7716, s, 86.6, degC
544.2872, s, 86.6, degC
544.8032, s, 86.6, degC
545.3191, s, 86.6, degC
545.8350, s, 86.5, degC
546.3509, s, 86.5, degC
546.8670, s, 86.5, degC
547.3825, s, 86.5, degC
547.8986, s, 86.5, degC
548.4143, s, 86.5, degC
548.9301, s, 86.5, degC
549.4461, s, 86.4, degC
549.9620, s, 86.4, degC
550.4780, s, 86.4, degC
550.9936, s, 86.4, degC
551.5095, s, 86.3, degC
552.0256, s, 86.3, degC
552.5413, s, 86.3, degC
553.0574, s, 86.2, degC
553.5728, s, 86.2, degC
554.0888, s, 86.1, degC
554.6048, s, 86.1, degC
555.1207, s, 86.1, degC
555.6365, s, 86.1, degC
556.1631, s, 86.2, degC
556.6684, s, 86.2, degC
557.1842, s, 86.2, degC
557.7001, s, 86.1, degC
558.2158, s, 86.1, degC
558.7317, s, 86.1, degC
559.2477, s, 86.1, degC
559.7636, s, 86.1, degC
560.2794, s, 86.1, degC
560.7952, s, 86.0, degC
561.3115, s, 86.0, degC
561.8271, s, 86.0, degC
562.3429, s, 86.0, degC
562.8587, s, 86.0, degC
563.3747, s, 86.0, degC
563.8908, s, 86.0, degC
564.4066, s, 86.0, degC
564.9222, s, 86.0, degC
565.4590, s, 86.0, degC
565.9540, s, 86.0, degC
566.4700, s, 85.9, degC
566.9857, s, 85.9, degC
567.5016, s, 85.9, degC
568.0178, s, 85.9, degC
568.5335, s, 85.9, degC
569.0579, s, 85.9, degC
569.5653, s, 85.8, degC
570.0812, s, 85.9, degC
570.5969, s, 85.9, degC
571.1128, s, 85.9, degC
571.6286, s, 85.9, degC
572.1447, s, 85.9, degC
572.6605, s, 85.8, degC
573.1762, s, 85.8, degC
573.6921, s, 85.8, degC
574.2079, s, 85.8, degC
574.7239, s, 85.8, degC
575.2400, s, 85.7, degC
575.7558, s, 85.7, degC
576.2715, s, 85.7, degC
576.7875, s, 85.7, degC
577.3033, s, 85.7, degC
577.8192, s, 85.7, degC
578.3535, s, 85.7, degC
578.8508, s, 85.7, degC
579.3668, s, 85.7, degC
579.8827, s, 85.6, degC
580.3985, s, 85.6, degC
580.9143, s, 85.6, degC
581.4303, s, 85.6, degC
581.9521, s, 85.6, degC
582.4619, s, 85.6, degC
582.9779, s, 85.6, degC
583.4941, s, 85.5, degC
584.0097, s, 85.5, degC
584.5256, s, 85.5, degC
585.0412, s, 85.5, degC
585.5576, s, 85.6, degC
586.0732, s, 85.5, degC
586.6212, s, 85.5, degC
587.1372, s, 85.5, degC
587.6528, s, 85.5, degC
588.1689, s, 85.5, degC
588.6848, s, 85.5, degC
589.2006, s, 85.5, degC
589.7165, s, 85.5, degC
590.2326, s, 85.5, degC
590.7483, s, 85.4, degC
591.2642, s, 85.4, degC
591.7802, s, 85.4, degC
592.2959, s, 85.3, degC
592.8119, s, 85.3, degC
593.3472, s, 85.3, degC
593.8434, s, 85.3, degC
594.3600, s, 85.3, degC
594.8752, s, 85.3, degC
595.3912, s, 85.3, degC
595.9071, s, 85.3, degC
596.4229, s, 85.2, degC
596.9456, s, 85.2, degC
597.4547, s, 85.2, degC
597.9705, s, 85.2, degC
598.4864, s, 85.2, degC
599.0024, s, 85.2, degC
599.5182, s, 85.2, degC
600.0340, s, 85.2, degC
600.5499, s, 85.2, degC
601.0658, s, 85.2, degC
601.5815, s, 85.2, degC
602.0974, s, 85.1, degC
602.6136, s, 85.1, degC
603.1292, s, 85.1, degC
603.6453, s, 85.1, degC
604.1611, s, 85.1, degC
604.6770, s, 85.1, degC
605.1928, s, 85.1, degC
605.7087, s, 85.1, degC
606.2416, s, 85.0, degC
606.7404, s, 85.0, degC
607.2563, s, 85.0, degC
607.7720, s, 85.0, degC
608.2880, s, 85.0, degC
608.8038, s, 85.0, degC
609.3197, s, 85.0, degC
609.8403, s, 85.0, degC
610.3516, s, 85.0, degC
610.8674, s, 85.0, degC
611.3833, s, 85.0, degC
611.8991, s, 84.9, degC
612.4152, s, 84.9, degC
612.9309, s, 84.9, degC
613.4469, s, 84.9, degC
613.9626, s, 84.9, degC
614.4785, s, 84.9, degC
614.9944, s, 84.9, degC
615.5105, s, 84.8, degC
616.0263, s, 84.8, degC
616.5420, s, 84.8, degC
617.0580, s, 84.8, degC
617.5737, s, 84.8, degC
618.0896, s, 84.8, degC
618.6055, s, 84.7, degC
619.1362, s, 84.7, degC
619.6373, s, 84.7, degC
620.1533, s, 84.7, degC
620.6689, s, 84.7, degC
621.1847, s, 84.6, degC
621.7008, s, 84.6, degC
622.2167, s, 84.6, degC
622.7346, s, 84.6, degC
623.2483, s, 84.6, degC
623.7646, s, 84.5, degC
624.2802, s, 84.5, degC
624.7960, s, 84.5, degC
625.3118, s, 84.4, degC
625.8278, s, 84.4, degC
626.3582, s, 84.4, degC
626.8596, s, 84.4, degC
627.3752, s, 84.4, degC
627.8914, s, 84.4, degC
628.4072, s, 84.4, degC
628.9230, s, 84.4, degC
629.4389, s, 84.4, degC
629.9564, s, 84.3, degC
630.4707, s, 84.3, degC
630.9865, s, 84.3, degC
631.5022, s, 84.3, degC
632.0183, s, 84.3, degC
632.5343, s, 84.3, degC
633.0501, s, 84.3, degC
633.5661, s, 84.3, degC
634.0818, s, 84.3, degC
634.5976, s, 84.3, degC
635.1135, s, 84.2, degC
635.6294, s, 84.2, degC
636.1453, s, 84.2, degC
636.6610, s, 84.2, degC
637.1771, s, 84.2, degC
637.6931, s, 84.2, degC
638.2088, s, 84.2, degC
638.7249, s, 84.2, degC
639.2526, s, 84.2, degC
639.7566, s, 84.2, degC
640.2724, s, 84.2, degC
640.7880, s, 84.2, degC
641.3041, s, 84.2, degC
641.8201, s, 84.2, degC
642.3358, s, 84.2, degC
642.8517, s, 84.2, degC
643.3674, s, 84.2, degC
643.8835, s, 84.1, degC
644.3993, s, 84.1, degC
644.9152, s, 84.1, degC
645.4309, s, 84.1, degC
645.9471, s, 84.0, degC
646.4628, s, 84.0, degC
646.9788, s, 84.0, degC
647.4944, s, 84.0, degC
648.0108, s, 84.0, degC
648.5486, s, 83.9, degC
649.0422, s, 83.9, degC
649.5580, s, 83.9, degC
650.0738, s, 84.0, degC
650.5898, s, 83.9, degC
651.1056, s, 83.9, degC
651.6214, s, 83.8, degC
652.1469, s, 83.8, degC
652.6534, s, 83.8, degC
653.1692, s, 83.8, degC
653.6850, s, 83.9, degC
654.2009, s, 83.9, degC
654.7167, s, 83.8, degC
655.2330, s, 83.8, degC
655.7486, s, 83.8, degC
656.2645, s, 83.8, degC
656.7803, s, 83.8, degC
657.2963, s, 83.8, degC
657.8122, s, 83.8, degC
658.3279, s, 83.8, degC
658.8440, s, 83.8, degC
659.3598, s, 83.8, degC
659.8755, s, 83.7, degC
660.3918, s, 83.7, degC
660.9073, s, 83.7, degC
661.4430, s, 83.7, degC
661.9392, s, 83.7, degC
662.4549, s, 83.7, degC
662.9708, s, 83.6, degC
663.4866, s, 83.6, degC
664.0026, s, 83.6, degC
664.5185, s, 83.6, degC
665.0415, s, 83.6, degC
665.5501, s, 83.6, degC
666.0662, s, 83.6, degC
666.5820, s, 83.6, degC
667.0979, s, 83.6, degC
667.6136, s, 83.6, degC
668.1294, s, 83.6, degC
668.6454, s, 83.5, degC
669.1613, s, 83.5, degC
669.6772, s, 83.5, degC
670.1929, s, 83.5, degC
670.7089, s, 83.5, degC
671.2252, s, 83.4, degC
671.7406, s, 83.4, degC
672.2566, s, 83.4, degC
672.7725, s, 83.4, degC
673.2882, s, 83.4, degC
673.8042, s, 83.4, degC
674.3374, s, 83.4, degC
674.8357, s, 83.3, degC
675.3518, s, 83.3, degC
675.8676, s, 83.3, degC
676.3836, s, 83.3, degC
676.8994, s, 83.3, degC
677.4154, s, 83.3, degC
677.9359, s, 83.2, degC
678.4469, s, 83.2, degC
678.9628, s, 83.2, degC
679.4789, s, 83.2, degC
679.9963, s, 83.1, degC
680.5108, s, 83.1, degC
681.0264, s, 83.1, degC
681.5423, s, 83.1, degC
682.0584, s, 83.1, degC
682.5742, s, 83.1, degC
683.0898, s, 83.1, degC
683.6057, s, 83.1, degC
684.1216, s, 83.0, degC
684.6376, s, 83.0, degC
685.1535, s, 83.0, degC
685.6692, s, 83.0, degC
686.1854, s, 83.0, degC
686.7009, s, 83.0, degC
687.2492, s, 83.0, degC
687.7649, s, 83.0, degC
688.2810, s, 83.0, degC
688.7968, s, 83.0, degC
689.3309, s, 83.0, degC
689.8284, s, 83.0, degC
690.3450, s, 83.0, degC
690.8602, s, 83.0, degC
691.3760, s, 83.0, degC
691.8923, s, 83.0, degC
692.4077, s, 83.0, degC
692.9295, s, 83.0, degC
693.4397, s, 83.0, degC
693.9554, s, 83.0, degC
694.4714, s, 82.9, degC
694.9875, s, 82.9, degC
695.5033, s, 82.9, degC
696.0190, s, 82.9, degC
696.5350, s, 82.9, degC
697.0510, s, 82.9, degC
697.5668, s, 82.9, degC
698.0826, s, 82.9, degC
698.5984, s, 82.8, degC
699.1142, s, 82.8, degC
699.6303, s, 82.8, degC
700.1461, s, 82.8, degC
700.6618, s, 82.8, degC
701.1781, s, 82.8, degC
701.6940, s, 82.8, degC
702.2258, s, 82.8, degC
702.7255, s, 82.8, degC
703.2413, s, 82.8, degC
703.7570, s, 82.8, degC
704.2731, s, 82.8, degC
704.7890, s, 82.8, degC
705.3047, s, 82.8, degC
705.8239, s, 82.7, degC
706.3366, s, 82.7, degC
706.8524, s, 82.7, degC
707.3683, s, 82.7, degC
707.8843, s, 82.7, degC
708.4001, s, 82.7, degC
708.9159, s, 82.6, degC
709.4318, s, 82.6, degC
709.9477, s, 82.6, degC
710.4634, s, 82.6, degC
710.9796, s, 82.6, degC
711.4953, s, 82.6, degC
712.0114, s, 82.6, degC
712.5270, s, 82.6, degC
713.0429, s, 82.5, degC
713.5592, s, 82.5, degC
714.0746, s, 82.5, degC
714.5908, s, 82.5, degC
715.1200, s, 82.5, degC
715.6223, s, 82.5, degC
716.1382, s, 82.5, degC
716.6540, s, 82.5, degC
717.1699, s, 82.5, degC
717.6861, s, 82.4, degC
718.2016, s, 82.4, degC
718.7185, s, 82.4, degC
719.2334, s, 82.4, degC
719.7493, s, 82.4, degC
720.2654, s, 82.4, degC
720.7810, s, 82.4, degC
721.2970, s, 82.4, degC
721.8129, s, 82.4, degC
722.3287, s, 82.3, degC
722.8445, s, 82.3, degC
723.3604, s, 82.3, degC
723.8761, s, 82.3, degC
724.3925, s, 82.3, degC
724.9081, s, 82.2, degC
725.4244, s, 82.2, degC
725.9397, s, 82.2, degC
726.4557, s, 82.2, degC
726.9715, s, 82.2, degC
727.4874, s, 82.2, degC
728.0032, s, 82.2, degC
728.5193, s, 82.2, degC
729.0351, s, 82.2, degC
729.5509, s, 82.2, degC
730.0668, s, 82.1, degC
730.5828, s, 82.1, degC
731.0986, s, 82.1, degC
731.6144, s, 82.1, degC
732.1303, s, 82.1, degC
732.6463, s, 82.1, degC
733.1621, s, 82.1, degC
733.6780, s, 82.0, degC
734.1939, s, 82.0, degC
734.7095, s, 82.0, degC
735.2365, s, 82.0, degC
735.7423, s, 81.9, degC
736.2576, s, 81.9, degC
736.7731, s, 81.9, degC
737.2892, s, 81.9, degC
737.8050, s, 81.9, degC
738.3209, s, 81.9, degC
738.8369, s, 81.9, degC
739.3527, s, 81.9, degC
739.8685, s, 81.9, degC
740.3845, s, 81.8, degC
740.9004, s, 81.8, degC
741.4160, s, 81.8, degC
741.9321, s, 81.8, degC
742.4479, s, 81.7, degC
742.9637, s, 81.7, degC
743.4795, s, 81.7, degC
743.9955, s, 81.7, degC
744.5323, s, 81.7, degC
745.0272, s, 81.7, degC
745.5430, s, 81.7, degC
746.0591, s, 81.7, degC
746.5749, s, 81.7, degC
747.0907, s, 81.7, degC
747.6066, s, 81.7, degC
748.1309, s, 81.7, degC
748.6387, s, 81.7, degC
749.1543, s, 81.6, degC
749.6701, s, 81.6, degC
750.1861, s, 81.6, degC
750.7016, s, 81.6, degC
751.2179, s, 81.6, degC
751.7336, s, 81.6, degC
752.2494, s, 81.6, degC
752.7653, s, 81.6, degC
753.2812, s, 81.6, degC
753.7972, s, 81.6, degC
754.3130, s, 81.6, degC
754.8287, s, 81.6, degC
755.3451, s, 81.6, degC
755.8607, s, 81.6, degC
756.3765, s, 81.6, degC
756.8928, s, 81.5, degC
757.4269, s, 81.5, degC
757.9240, s, 81.5, degC
758.4399, s, 81.5, degC
758.9558, s, 81.4, degC
759.4719, s, 81.4, degC
759.9877, s, 81.4, degC
760.5035, s, 81.4, degC
761.0254, s, 81.5, degC
761.5351, s, 81.5, degC
762.0512, s, 81.5, degC
762.5671, s, 81.4, degC
763.0828, s, 81.4, degC
763.5986, s, 81.4, degC
764.1145, s, 81.3, degC
764.6303, s, 81.3, degC
765.1464, s, 81.3, degC
765.6621, s, 81.2, degC
766.1780, s, 81.2, degC
766.6939, s, 81.3, degC
767.2098, s, 81.3, degC
767.7260, s, 81.3, degC
768.2415, s, 81.3, degC
768.7577, s, 81.3, degC
769.2733, s, 81.3, degC
769.7892, s, 81.3, degC
770.3214, s, 81.3, degC
770.8208, s, 81.3, degC
771.3373, s, 81.2, degC
771.8527, s, 81.2, degC
772.3685, s, 81.2, degC
772.8844, s, 81.2, degC
773.4003, s, 81.2, degC
773.9199, s, 81.2, degC
774.4321, s, 81.2, degC
774.9479, s, 81.2, degC
775.4638, s, 81.2, degC
775.9799, s, 81.2, degC
776.4955, s, 81.1, degC
777.0114, s, 80.9, degC
777.5275, s, 80.8, degC
778.0433, s, 80.8, degC
778.5594, s, 80.8, degC
779.0750, s, 80.8, degC
779.5909, s, 81.0, degC
780.1067, s, 81.0, degC
780.6226, s, 81.0, degC
781.1387, s, 81.0, degC
781.6543, s, 81.0, degC
782.1704, s, 80.6, degC
782.6860, s, 80.6, degC
783.2160, s, 80.6, degC
783.7179, s, 80.5, degC
784.2340, s, 80.5, degC
784.7497, s, 80.9, degC
785.2655, s, 80.9, degC
785.7814, s, 80.9, degC
786.2972, s, 80.8, degC
786.8145, s, 80.8, degC
787.3289, s, 80.8, degC
787.8770, s, 80.8, degC
788.3934, s, 80.8, degC
788.9134, s, 80.8, degC
789.4253, s, 80.7, degC
789.9406, s, 80.7, degC
790.4564, s, 80.7, degC
790.9726, s, 80.7, degC
791.4924, s, 80.7, degC
792.0041, s, 80.6, degC
792.5200, s, 80.6, degC
793.0359, s, 80.6, degC
793.5517, s, 80.6, degC
794.0676, s, 80.6, degC
794.5834, s, 80.6, degC
795.0993, s, 80.6, degC
795.6152, s, 80.6, degC
796.1311, s, 80.6, degC
796.6470, s, 80.6, degC
797.1628, s, 80.6, degC
797.6791, s, 80.6, degC
798.2093, s, 80.6, degC
798.7105, s, 80.6, degC
799.2268, s, 80.6, degC
799.7422, s, 80.6, degC
800.2589, s, 80.6, degC
800.7740, s, 80.6, degC
801.2897, s, 80.6, degC
801.8081, s, 80.6, degC
802.3217, s, 80.6, degC
802.8382, s, 80.6, degC
803.3535, s, 80.6, degC
803.8692, s, 80.6, degC
804.3854, s, 80.6, degC
804.9011, s, 80.5, degC
805.4168, s, 80.5, degC
805.9326, s, 80.5, degC
806.4484, s, 80.5, degC
806.9647, s, 80.5, degC
807.4804, s, 80.5, degC
807.9962, s, 80.4, degC
808.5121, s, 80.4, degC
809.0281, s, 80.4, degC
809.5437, s, 80.3, degC
810.0600, s, 80.3, degC
810.5755, s, 80.3, degC
811.1039, s, 80.3, degC
811.6074, s, 80.3, degC
812.1233, s, 80.3, degC
812.6393, s, 80.3, degC
813.1551, s, 80.3, degC
813.6708, s, 80.3, degC
814.1868, s, 80.2, degC
814.7024, s, 80.2, degC
815.2184, s, 80.2, degC
815.7344, s, 80.2, degC
816.2503, s, 80.2, degC
816.7663, s, 80.2, degC
817.2818, s, 80.2, degC
817.7980, s, 80.2, degC
818.3138, s, 80.2, degC
818.8297, s, 80.2, degC
819.3455, s, 80.2, degC
819.8613, s, 80.2, degC
820.4000, s, 80.2, degC
820.8935, s, 80.2, degC
821.4089, s, 80.2, degC
821.9250, s, 80.2, degC
822.4408, s, 80.1, degC
822.9566, s, 80.1, degC
823.4723, s, 80.1, degC
823.9985, s, 80.1, degC
824.5043, s, 80.1, degC
825.0202, s, 80.1, degC
825.5359, s, 80.1, degC
826.0519, s, 80.1, degC
826.5696, s, 80.1, degC
827.0836, s, 80.1, degC
827.6219, s, 80.0, degC
828.1153, s, 80.0, degC
828.6312, s, 80.0, degC
829.1473, s, 80.0, degC
829.6630, s, 80.0, degC
830.1788, s, 80.0, degC
830.6990, s, 80.0, degC
831.2203, s, 80.0, degC
831.7270, s, 80.0, degC
832.2423, s, 80.0, degC
832.7585, s, 80.0, degC
833.2743, s, 80.0, degC
833.7902, s, 80.0, degC
834.3062, s, 79.9, degC
834.8217, s, 79.9, degC
835.3375, s, 79.9, degC
835.8536, s, 79.9, degC
836.3695, s, 79.9, degC
836.8855, s, 79.9, degC
837.4012, s, 79.9, degC
837.9171, s, 79.9, degC
838.4329, s, 79.9, degC
838.9488, s, 79.9, degC
839.4646, s, 79.9, degC
839.9806, s, 79.9, degC
840.5165, s, 79.9, degC
841.0124, s, 79.9, degC
841.5282, s, 79.9, degC
842.0438, s, 79.9, degC
842.5605, s, 79.8, degC
843.0757, s, 79.8, degC
843.5916, s, 79.8, degC
844.1149, s, 79.8, degC
844.6235, s, 79.8, degC
845.1395, s, 79.8, degC
845.6552, s, 79.8, degC
846.1710, s, 79.8, degC
846.6868, s, 79.8, degC
847.2028, s, 79.7, degC
847.7187, s, 79.7, degC
848.2346, s, 79.7, degC
848.7504, s, 79.7, degC
849.2664, s, 79.7, degC
849.7822, s, 79.7, degC
850.2980, s, 79.7, degC
850.8140, s, 79.7, degC
851.3299, s, 79.7, degC
851.8458, s, 79.6, degC
852.3614, s, 79.6, degC
852.8772, s, 79.6, degC
853.4108, s, 79.6, degC
853.9090, s, 79.6, degC
854.4249, s, 79.6, degC
854.9407, s, 79.6, degC
855.4566, s, 79.6, degC
855.9733, s, 79.5, degC
856.4884, s, 79.5, degC
857.0094, s, 79.5, degC
857.5204, s, 79.5, degC
858.0363, s, 79.5, degC
858.5523, s, 79.5, degC
859.0679, s, 79.4, degC
859.5837, s, 79.4, degC
860.0996, s, 79.4, degC
860.6155, s, 79.4, degC
861.1315, s, 79.4, degC
861.6474, s, 79.4, degC
862.1633, s, 79.4, degC
862.6793, s, 79.4, degC
863.1949, s, 79.3, degC
863.7113, s, 79.3, degC
864.2267, s, 79.3, degC
864.7426, s, 79.3, degC
865.2589, s, 79.3, degC
865.7743, s, 79.3, degC
866.3055, s, 79.2, degC
866.8062, s, 79.2, degC
867.3219, s, 79.2, degC
867.8377, s, 79.2, degC
868.3536, s, 79.2, degC
868.8694, s, 79.2, degC
869.3855, s, 79.2, degC
869.9038, s, 79.1, degC
870.4172, s, 79.1, degC
870.9332, s, 79.1, degC
871.4490, s, 79.1, degC
871.9650, s, 79.1, degC
872.4807, s, 79.1, degC
872.9965, s, 79.1, degC
873.5126, s, 79.1, degC
874.0284, s, 79.1, degC
874.5443, s, 79.1, degC
875.0601, s, 79.0, degC
875.5757, s, 79.0, degC
876.0920, s, 79.0, degC
876.6076, s, 79.0, degC
877.1239, s, 79.0, degC
877.6398, s, 79.0, degC
878.1554, s, 79.0, degC
878.6712, s, 79.0, degC
879.1999, s, 79.0, degC
879.7029, s, 79.0, degC
880.2188, s, 79.0, degC
880.7381, s, 79.0, degC
881.2504, s, 78.9, degC
881.7666, s, 78.9, degC
882.2823, s, 78.9, degC
882.7983, s, 78.9, degC
883.3153, s, 78.9, degC
883.8298, s, 78.9, degC
884.3462, s, 78.9, degC
884.8618, s, 78.8, degC
885.3778, s, 78.7, degC
885.8936, s, 78.7, degC
886.4093, s, 78.7, degC
886.9252, s, 78.7, degC
887.4411, s, 78.8, degC
887.9571, s, 78.8, degC
888.5050, s, 78.8, degC
889.0210, s, 78.8, degC
889.5369, s, 78.8, degC
890.0530, s, 78.8, degC
890.5685, s, 78.7, degC
891.0845, s, 78.7, degC
891.6004, s, 78.7, degC
892.1163, s, 78.7, degC
892.6321, s, 78.7, degC
893.1480, s, 78.7, degC
893.6639, s, 78.7, degC
894.1935, s, 78.7, degC
894.6957, s, 78.7, degC
895.2115, s, 78.7, degC
895.7275, s, 78.6, degC
896.2432, s, 78.6, degC
896.7592, s, 78.6, degC
897.2749, s, 78.5, degC
897.7923, s, 78.5, degC
898.3069, s, 78.6, degC
898.8225, s, 78.6, degC
899.3388, s, 78.6, degC
899.8543, s, 78.6, degC
900.3704, s, 78.6, degC
900.8862, s, 78.6, degC
901.4021, s, 78.6, degC
901.9178, s, 78.6, degC
902.4339, s, 78.6, degC
902.9495, s, 78.6, degC
903.4655, s, 78.5, degC
903.9813, s, 78.5, degC
904.4971, s, 78.5, degC
905.0133, s, 78.5, degC
905.5290, s, 78.5, degC
906.0450, s, 78.5, degC
906.5607, s, 78.5, degC
907.0879, s, 78.5, degC
907.5928, s, 78.5, degC
908.1084, s, 78.5, degC
908.6241, s, 78.5, degC
909.1401, s, 78.4, degC
909.6560, s, 78.4, degC
910.1719, s, 78.4, degC
910.6876, s, 78.4, degC
911.2034, s, 78.4, degC
911.7198, s, 78.4, degC
912.2355, s, 78.4, degC
912.7515, s, 78.3, degC
913.2671, s, 78.3, degC
913.7831, s, 78.3, degC
914.2988, s, 78.3, degC
914.8148, s, 78.3, degC
915.3306, s, 78.3, degC
915.8464, s, 78.3, degC
916.3841, s, 78.3, degC
916.8784, s, 78.3, degC
917.3942, s, 78.3, degC
917.9099, s, 78.2, degC
918.4262, s, 78.2, degC
918.9421, s, 78.3, degC
919.4576, s, 78.3, degC
919.9825, s, 78.2, degC
920.4894, s, 78.2, degC
921.0053, s, 78.2, degC
921.5212, s, 78.2, degC
922.0369, s, 78.2, degC
922.5530, s, 78.2, degC
923.0687, s, 78.2, degC
923.5848, s, 78.2, degC
924.1005, s, 78.2, degC
924.6163, s, 78.2, degC
925.1324, s, 78.2, degC
925.6481, s, 78.1, degC
926.1640, s, 78.1, degC
926.6798, s, 78.1, degC
927.1957, s, 78.1, degC
927.7118, s, 78.1, degC
928.2276, s, 78.1, degC
928.7434, s, 78.1, degC
929.2594, s, 78.0, degC
929.7754, s, 78.0, degC
930.2910, s, 78.0, degC
930.8069, s, 78.0, degC
931.3227, s, 78.0, degC
931.8388, s, 78.0, degC
932.3546, s, 78.0, degC
932.8704, s, 78.0, degC
933.3863, s, 77.9, degC
933.9023, s, 77.9, degC
934.4182, s, 77.8, degC
934.9341, s, 77.8, degC
935.4498, s, 77.9, degC
935.9657, s, 77.9, degC
936.5003, s, 77.9, degC
936.9975, s, 77.9, degC
937.5132, s, 77.9, degC
938.0291, s, 77.9, degC
938.5451, s, 77.9, degC
939.0612, s, 77.9, degC
939.5767, s, 77.9, degC
940.0990, s, 77.8, degC
940.6087, s, 77.8, degC
941.1249, s, 77.8, degC
941.6405, s, 77.8, degC
942.1561, s, 77.8, degC
942.6720, s, 77.8, degC
943.1881, s, 77.8, degC
943.7039, s, 77.8, degC
944.2198, s, 77.7, degC
944.7355, s, 77.7, degC
945.2515, s, 77.7, degC
945.7675, s, 77.7, degC
946.2832, s, 77.7, degC
946.7989, s, 77.7, degC
947.3150, s, 77.7, degC
947.8308, s, 77.7, degC
948.3468, s, 77.6, degC
948.8624, s, 77.6, degC
949.3952, s, 77.6, degC
949.8945, s, 77.6, degC
950.4102, s, 77.6, degC
950.9260, s, 77.6, degC
951.4419, s, 77.6, degC
951.9582, s, 77.6, degC
952.4737, s, 77.6, degC
952.9933, s, 77.6, degC
953.5056, s, 77.6, degC
954.0215, s, 77.6, degC
954.5373, s, 77.6, degC
955.0531, s, 77.6, degC
955.5687, s, 77.6, degC
956.0848, s, 77.5, degC
956.6007, s, 77.5, degC
957.1168, s, 77.5, degC
957.6324, s, 77.4, degC
958.1482, s, 77.4, degC
958.6643, s, 77.4, degC
959.1803, s, 77.4, degC
959.6958, s, 77.5, degC
960.2119, s, 77.5, degC
960.7281, s, 77.5, degC
961.2436, s, 77.5, degC
961.7597, s, 77.5, degC
962.2894, s, 77.4, degC
962.7915, s, 77.4, degC
963.3072, s, 77.5, degC
963.8230, s, 77.5, degC
964.3388, s, 77.5, degC
964.8546, s, 77.5, degC
965.3707, s, 77.5, degC
965.8881, s, 77.5, degC
966.4022, s, 77.4, degC
966.9183, s, 77.4, degC
967.4342, s, 77.4, degC
967.9500, s, 77.4, degC
968.4660, s, 77.4, degC
968.9817, s, 77.4, degC
969.4979, s, 77.4, degC
970.0135, s, 77.4, degC
970.5293, s, 77.3, degC
971.0457, s, 77.3, degC
971.5609, s, 77.3, degC
972.0769, s, 77.3, degC
972.5934, s, 77.3, degC
973.1087, s, 77.3, degC
973.6244, s, 77.2, degC
974.1406, s, 77.2, degC
974.6563, s, 77.2, degC
975.1840, s, 77.2, degC
975.6881, s, 77.2, degC
976.2038, s, 77.2, degC
976.7199, s, 77.1, degC
977.2357, s, 77.1, degC
977.7517, s, 77.1, degC
978.2675, s, 77.1, degC
978.7833, s, 77.1, degC
979.2993, s, 77.1, degC
979.8151, s, 77.2, degC
980.3310, s, 77.2, degC
980.8470, s, 77.1, degC
981.3627, s, 77.1, degC
981.8786, s, 77.1, degC
982.3947, s, 77.1, degC
982.9102, s, 77.1, degC
983.4263, s, 77.1, degC
983.9421, s, 77.1, degC
984.4801, s, 77.0, degC
984.9739, s, 77.0, degC
985.4897, s, 77.0, degC
986.0056, s, 77.0, degC
986.5214, s, 77.0, degC
987.0372, s, 77.0, degC
987.5532, s, 77.0, degC
988.0782, s, 77.0, degC
988.5851, s, 77.0, degC
989.1009, s, 77.0, degC
989.6490, s, 77.0, degC
990.1777, s, 77.0, degC
990.6807, s, 77.0, degC
991.1966, s, 77.0, degC
991.7134, s, 76.9, degC
992.2285, s, 76.9, degC
992.7442, s, 76.9, degC
993.2604, s, 76.9, degC
993.7759, s, 76.9, degC
994.2924, s, 76.9, degC
994.8079, s, 76.9, degC
995.3236, s, 76.9, degC
995.8395, s, 76.9, degC
996.3555, s, 76.8, degC
996.8713, s, 76.8, degC
997.3871, s, 76.8, degC
997.9030, s, 76.8, degC
998.4187, s, 76.8, degC
998.9349, s, 76.8, degC
999.4736, s, 76.8, degC
999.9666, s, 76.8, degC
1000.4824, s, 76.7, degC
1000.9984, s, 76.7, degC
1001.5141, s, 76.7, degC
1002.0299, s, 76.7, degC
1002.5460, s, 76.7, degC
1003.0721, s, 76.7, degC
1003.5776, s, 76.7, degC
1004.0938, s, 76.7, degC
1004.6092, s, 76.6, degC
1005.1254, s, 76.6, degC
1005.6414, s, 76.6, degC
1006.1571, s, 76.6, degC
1006.6730, s, 76.6, degC
1007.1887, s, 76.6, degC
1007.7047, s, 76.6, degC
1008.2207, s, 76.6, degC
1008.7364, s, 76.6, degC
1009.2523, s, 76.6, degC
1009.7683, s, 76.6, degC
1010.2843, s, 76.6, degC
1010.8000, s, 76.6, degC
1011.3158, s, 76.6, degC
1011.8316, s, 76.6, degC
1012.3679, s, 76.6, degC
1012.8634, s, 76.6, degC
1013.3793, s, 76.6, degC
1013.8951, s, 76.5, degC
1014.4111, s, 76.5, degC
1014.9268, s, 76.5, degC
1015.4427, s, 76.5, degC
1015.9665, s, 76.5, degC
1016.4747, s, 76.5, degC
1016.9904, s, 76.5, degC
1017.5066, s, 76.4, degC
1018.0223, s, 76.4, degC
1018.5381, s, 76.4, degC
1019.0542, s, 76.4, degC
1019.5696, s, 76.5, degC
1020.0856, s, 76.5, degC
1020.6015, s, 76.5, degC
1021.1175, s, 76.5, degC
1021.6333, s, 76.4, degC
1022.1492, s, 76.4, degC
1022.6649, s, 76.4, degC
1023.1810, s, 76.4, degC
1023.6968, s, 76.4, degC
1024.2128, s, 76.4, degC
1024.7285, s, 76.4, degC
1025.2628, s, 76.4, degC
1025.7606, s, 76.4, degC
1026.2768, s, 76.4, degC
1026.7923, s, 76.4, degC
1027.3080, s, 76.4, degC
1027.8239, s, 76.3, degC
1028.3399, s, 76.3, degC
1028.8609, s, 76.3, degC
1029.3714, s, 76.3, degC
1029.8875, s, 76.3, degC
1030.4031, s, 76.3, degC
1030.9193, s, 76.2, degC
1031.4351, s, 76.2, degC
1031.9506, s, 76.2, degC
1032.4843, s, 76.2, degC
1032.9826, s, 76.2, degC
1033.4984, s, 76.2, degC
1034.0142, s, 76.2, degC
1034.5302, s, 76.2, degC
1035.0462, s, 76.3, degC
1035.5619, s, 76.2, degC
1036.0830, s, 76.2, degC
1036.5939, s, 76.2, degC
1037.1097, s, 76.2, degC
1037.6259, s, 76.2, degC
1038.1414, s, 76.2, degC
1038.6570, s, 76.2, degC
1039.1731, s, 76.2, degC
1039.6890, s, 76.1, degC
1040.2048, s, 76.1, degC
1040.7208, s, 76.1, degC
1041.2366, s, 76.1, degC
1041.7527, s, 76.1, degC
1042.2682, s, 76.1, degC
1042.7842, s, 76.0, degC
1043.3002, s, 76.0, degC
1043.8160, s, 76.0, degC
1044.3319, s, 76.0, degC
1044.8478, s, 76.0, degC
1045.3790, s, 76.0, degC
1045.8798, s, 76.0, degC
1046.3954, s, 76.0, degC
1046.9111, s, 76.0, degC
1047.4272, s, 76.0, degC
1047.9430, s, 76.0, degC
1048.4593, s, 75.9, degC
1048.9774, s, 75.9, degC
1049.4904, s, 75.9, degC
1050.0072, s, 75.9, degC
1050.5223, s, 75.9, degC
1051.0383, s, 75.9, degC
1051.5541, s, 75.9, degC
1052.0697, s, 75.9, degC
1052.5861, s, 75.9, degC
1053.1017, s, 75.9, degC
1053.6175, s, 75.9, degC
1054.1335, s, 75.9, degC
1054.6495, s, 75.9, degC
1055.1653, s, 75.9, degC
1055.6813, s, 75.9, degC
1056.1969, s, 75.9, degC
1056.7130, s, 75.8, degC
1057.2288, s, 75.8, degC
1057.7446, s, 75.8, degC
1058.2736, s, 75.8, degC
1058.7763, s, 75.8, degC
1059.2928, s, 75.8, degC
1059.8083, s, 75.7, degC
1060.3239, s, 75.7, degC
1060.8404, s, 75.7, degC
1061.3558, s, 75.7, degC
1061.8719, s, 75.7, degC
1062.3875, s, 75.7, degC
1062.9033, s, 75.7, degC
1063.4193, s, 75.7, degC
1063.9352, s, 75.7, degC
1064.4510, s, 75.7, degC
1064.9668, s, 75.7, degC
1065.4827, s, 75.7, degC
1065.9986, s, 75.7, degC
1066.5145, s, 75.7, degC
1067.0303, s, 75.7, degC
1067.5460, s, 75.6, degC
1068.0622, s, 75.6, degC
1068.5779, s, 75.6, degC
1069.0939, s, 75.6, degC
1069.6097, s, 75.6, degC
1070.1258, s, 75.6, degC
1070.6414, s, 75.6, degC
1071.1680, s, 75.6, degC
1071.6735, s, 75.6, degC
1072.1891, s, 75.6, degC
1072.7051, s, 75.6, degC
1073.2211, s, 75.6, degC
1073.7366, s, 75.6, degC
1074.2527, s, 75.6, degC
1074.7686, s, 75.5, degC
1075.2845, s, 75.5, degC
1075.8003, s, 75.6, degC
1076.3160, s, 75.5, degC
1076.8321, s, 75.5, degC
1077.3482, s, 75.5, degC
1077.8638, s, 75.5, degC
1078.3797, s, 75.5, degC
1078.8953, s, 75.5, degC
1079.4114, s, 75.5, degC
1079.9274, s, 75.4, degC
1080.4639, s, 75.4, degC
1080.9595, s, 75.4, degC
1081.4750, s, 75.4, degC
1081.9908, s, 75.4, degC
1082.5069, s, 75.3, degC
1083.0224, s, 75.3, degC
1083.5384, s, 75.3, degC
1084.0625, s, 75.3, degC
1084.5701, s, 75.3, degC
1085.0862, s, 75.3, degC
1085.6018, s, 75.3, degC
1086.1179, s, 75.3, degC
1086.6336, s, 75.3, degC
1087.1494, s, 75.3, degC
1087.6654, s, 75.2, degC
1088.1813, s, 75.2, degC
1088.6972, s, 75.2, degC
1089.2130, s, 75.2, degC
1089.7290, s, 75.2, degC
1090.2770, s, 75.3, degC
1090.7932, s, 75.3, degC
1091.3089, s, 75.2, degC
1091.8246, s, 75.2, degC
1092.3409, s, 75.2, degC
1092.8565, s, 75.2, degC
1093.3723, s, 75.2, degC
1093.8883, s, 75.2, degC
1094.4038, s, 75.1, degC
1094.9199, s, 75.1, degC
1095.4579, s, 75.1, degC
1095.9516, s, 75.1, degC
1096.4675, s, 75.1, degC
1096.9835, s, 75.1, degC
1097.4993, s, 75.1, degC
1098.0151, s, 75.1, degC
1098.5310, s, 75.1, degC
1099.0560, s, 75.1, degC
1099.5629, s, 75.1, degC
1100.0786, s, 75.1, degC
1100.5948, s, 75.1, degC
1101.1103, s, 75.0, degC
1101.6268, s, 75.0, degC
1102.1423, s, 75.0, degC
1102.6580, s, 75.0, degC
1103.1741, s, 75.0, degC
1103.6898, s, 75.0, degC
1104.2061, s, 75.0, degC
1104.7218, s, 75.0, degC
1105.2374, s, 75.0, degC
1105.7533, s, 75.0, degC
1106.2693, s, 75.0, degC
1106.7851, s, 75.0, degC
1107.3009, s, 75.0, degC
1107.8168, s, 75.0, degC
1108.3521, s, 75.0, degC
1108.8486, s, 75.0, degC
1109.3645, s, 74.9, degC
1109.8802, s, 74.9, degC
1110.3962, s, 74.9, degC
1110.9122, s, 74.9, degC
1111.4280, s, 74.9, degC
1111.9507, s, 74.9, degC
1112.4599, s, 74.9, degC
1112.9757, s, 74.9, degC
1113.4915, s, 74.8, degC
1114.0076, s, 74.8, degC
1114.5233, s, 74.8, degC
1115.0395, s, 74.8, degC
1115.5548, s, 74.7, degC
1116.0709, s, 74.7, degC
1116.5867, s, 74.7, degC
1117.1026, s, 74.7, degC
1117.6185, s, 74.8, degC
1118.1343, s, 74.8, degC
1118.6500, s, 74.8, degC
1119.1661, s, 74.8, degC
1119.6822, s, 74.8, degC
1120.1979, s, 74.8, degC
1120.7137, s, 74.8, degC
1121.2465, s, 74.7, degC
1121.7456, s, 74.7, degC
1122.2615, s, 74.7, degC
1122.7772, s, 74.7, degC
1123.2933, s, 74.7, degC
1123.8091, s, 74.7, degC
1124.3248, s, 74.7, degC
1124.8452, s, 74.6, degC
1125.3565, s, 74.6, degC
1125.8729, s, 74.6, degC
1126.3886, s, 74.6, degC
1126.9042, s, 74.6, degC
1127.4201, s, 74.7, degC
1127.9360, s, 74.7, degC
1128.4520, s, 74.6, degC
1128.9678, s, 74.6, degC
1129.4836, s, 74.6, degC
1129.9996, s, 74.6, degC
1130.5154, s, 74.6, degC
1131.0313, s, 74.6, degC
1131.5470, s, 74.6, degC
1132.0669, s, 74.6, degC
1132.5790, s, 74.6, degC
1133.0949, s, 74.6, degC
1133.6105, s, 74.6, degC
1134.1264, s, 74.6, degC
1134.6424, s, 74.6, degC
1135.1582, s, 74.5, degC
1135.6743, s, 74.5, degC
1136.1899, s, 74.5, degC
1136.7062, s, 74.5, degC
1137.2218, s, 74.5, degC
1137.7376, s, 74.5, degC
1138.2536, s, 74.5, degC
1138.7693, s, 74.5, degC
1139.2853, s, 74.5, degC
1139.8014, s, 74.5, degC
1140.3170, s, 74.5, degC
1140.8330, s, 74.5, degC
1141.3630, s, 74.4, degC
1141.8648, s, 74.4, degC
1142.3806, s, 74.4, degC
1142.8963, s, 74.4, degC
1143.4121, s, 74.4, degC
1143.9283, s, 74.4, degC
1144.4440, s, 74.4, degC
1144.9616, s, 74.4, degC
1145.4758, s, 74.4, degC
1145.9917, s, 74.4, degC
1146.5078, s, 74.3, degC
1147.0233, s, 74.3, degC
1147.5396, s, 74.3, degC
1148.0552, s, 74.3, degC
1148.5711, s, 74.3, degC
1149.0869, s, 74.3, degC
1149.6026, s, 74.3, degC
1150.1186, s, 74.3, degC
1150.6345, s, 74.3, degC
1151.1505, s, 74.3, degC
1151.6664, s, 74.2, degC
1152.1823, s, 74.3, degC
1152.6981, s, 74.3, degC
1153.2142, s, 74.3, degC
1153.7297, s, 74.3, degC
1154.2577, s, 74.2, degC
1154.7619, s, 74.2, degC
1155.2775, s, 74.2, degC
1155.7939, s, 74.2, degC
1156.3092, s, 74.2, degC
1156.8250, s, 74.2, degC
1157.3414, s, 74.2, degC
1157.8568, s, 74.1, degC
1158.3727, s, 74.1, degC
1158.8885, s, 74.1, degC
1159.4047, s, 74.1, degC
1159.9203, s, 74.1, degC
1160.4362, s, 74.1, degC
1160.9520, s, 74.1, degC
1161.4682, s, 74.1, degC
1161.9838, s, 74.1, degC
1162.4998, s, 74.1, degC
1163.0155, s, 74.1, degC
1163.5536, s, 74.1, degC
1164.0475, s, 74.1, degC
1164.5632, s, 74.1, degC
1165.0795, s, 74.1, degC
1165.5949, s, 74.1, degC
1166.1108, s, 74.1, degC
1166.6266, s, 74.1, degC
1167.1520, s, 74.1, degC
1167.6584, s, 74.0, degC
1168.1743, s, 74.0, degC
1168.6903, s, 74.0, degC
1169.2063, s, 74.0, degC
1169.7220, s, 74.0, degC
1170.2377, s, 74.0, degC
1170.7538, s, 74.0, degC
1171.2695, s, 74.0, degC
1171.7855, s, 74.0, degC
1172.3012, s, 74.0, degC
1172.8173, s, 74.0, degC
1173.3332, s, 74.0, degC
1173.8489, s, 74.0, degC
1174.3648, s, 74.0, degC
1174.8805, s, 74.0, degC
1175.3965, s, 74.0, degC
1175.9133, s, 73.9, degC
1176.4481, s, 73.9, degC
1176.9442, s, 73.9, degC
1177.4605, s, 73.9, degC
1177.9760, s, 73.9, degC
1178.4919, s, 73.9, degC
1179.0079, s, 73.9, degC
1179.5239, s, 73.9, degC
1180.0467, s, 73.9, degC
1180.5554, s, 73.8, degC
1181.0713, s, 73.8, degC
1181.5869, s, 73.8, degC
1182.1031, s, 73.8, degC
1182.6189, s, 73.8, degC
1183.1348, s, 73.8, degC
1183.6505, s, 73.8, degC
1184.1665, s, 73.8, degC
1184.6825, s, 73.8, degC
1185.1983, s, 73.8, degC
1185.7141, s, 73.7, degC
1186.2300, s, 73.7, degC
1186.7458, s, 73.7, degC
1187.2619, s, 73.7, degC
1187.7775, s, 73.7, degC
1188.2938, s, 73.7, degC
1188.8096, s, 73.7, degC
1189.3426, s, 73.6, degC
1189.8413, s, 73.6, degC
1190.3569, s, 73.6, degC
1190.9052, s, 73.6, degC
1191.4415, s, 73.6, degC
1191.9369, s, 73.6, degC
1192.4527, s, 73.6, degC
1192.9686, s, 73.6, degC
1193.4845, s, 73.6, degC
1194.0004, s, 73.6, degC
1194.5162, s, 73.6, degC
1195.0404, s, 73.6, degC
1195.5480, s, 73.6, degC
1196.0639, s, 73.6, degC
1196.5797, s, 73.5, degC
1197.0958, s, 73.5, degC
1197.6115, s, 73.5, degC
1198.1277, s, 73.5, degC
1198.6444, s, 73.5, degC
1199.1592, s, 73.5, degC
1199.6751, s, 73.5, degC
1200.1909, s, 73.5, degC
1200.7071, s, 73.5, degC
1201.2227, s, 73.4, degC
1201.7390, s, 73.4, degC
1202.2544, s, 73.4, degC
1202.7703, s, 73.4, degC
1203.2861, s, 73.4, degC
1203.8022, s, 73.4, degC
1204.3364, s, 73.4, degC
1204.8338, s, 73.4, degC
1205.3498, s, 73.4, degC
1205.8655, s, 73.4, degC
1206.3816, s, 73.3, degC
1206.8973, s, 73.3, degC
1207.4132, s, 73.3, degC
1207.9347, s, 73.3, degC
1208.4450, s, 73.3, degC
1208.9612, s, 73.3, degC
1209.4768, s, 73.3, degC
1209.9924, s, 73.3, degC
1210.5086, s, 73.3, degC
1211.0243, s, 73.3, degC
1211.5403, s, 73.3, degC
1212.0561, s, 73.3, degC
1212.5719, s, 73.3, degC
1213.0879, s, 73.3, degC
1213.6036, s, 73.3, degC
1214.1196, s, 73.3, degC
1214.6354, s, 73.3, degC
1215.1514, s, 73.3, degC
1215.6674, s, 73.3, degC
1216.1831, s, 73.3, degC
1216.6990, s, 73.3, degC
1217.2308, s, 73.2, degC
1217.7308, s, 73.2, degC
1218.2466, s, 73.2, degC
1218.7625, s, 73.2, degC
1219.2782, s, 73.2, degC
1219.7946, s, 73.2, degC
1220.3101, s, 73.2, degC
1220.8293, s, 73.2, degC
1221.3419, s, 73.2, degC
1221.8578, s, 73.2, degC
1222.3738, s, 73.2, degC
1222.8895, s, 73.2, degC
1223.4054, s, 73.2, degC
1223.9213, s, 73.2, degC
1224.4371, s, 73.1, degC
1224.9531, s, 73.1, degC
1225.4688, s, 73.1, degC
1225.9847, s, 73.1, degC
1226.5006, s, 73.1, degC
1227.0165, s, 73.1, degC
1227.5323, s, 73.0, degC
1228.0483, s, 73.0, degC
1228.5641, s, 73.0, degC
1229.0803, s, 73.0, degC
1229.5960, s, 73.0, degC
1230.1254, s, 73.0, degC
1230.6276, s, 73.0, degC
1231.1435, s, 73.0, degC
1231.6599, s, 72.9, degC
1232.1754, s, 72.9, degC
1232.6909, s, 73.0, degC
1233.2072, s, 73.0, degC
1233.7230, s, 72.9, degC
1234.2389, s, 72.9, degC
1234.7546, s, 72.9, degC
1235.2706, s, 72.9, degC
1235.7869, s, 72.9, degC
1236.3024, s, 72.9, degC
1236.8181, s, 72.9, degC
1237.3473, s, 72.8, degC
1237.8500, s, 72.8, degC
1238.3658, s, 72.8, degC
1238.8816, s, 72.8, degC
1239.3975, s, 72.8, degC
1239.9135, s, 72.9, degC
1240.4294, s, 72.9, degC
1240.9455, s, 72.9, degC
1241.4613, s, 72.9, degC
1241.9772, s, 72.9, degC
1242.4931, s, 72.8, degC
1243.0088, s, 72.8, degC
1243.5245, s, 72.8, degC
1244.0408, s, 72.8, degC
1244.5563, s, 72.7, degC
1245.0721, s, 72.6, degC
1245.5881, s, 72.6, degC
1246.1037, s, 72.6, degC
1246.6199, s, 72.6, degC
1247.1357, s, 72.6, degC
1247.6516, s, 72.7, degC
1248.1675, s, 72.7, degC
1248.6834, s, 72.7, degC
1249.1992, s, 72.7, degC
1249.7150, s, 72.7, degC
1250.2417, s, 72.7, degC
1250.7468, s, 72.7, degC
1251.2629, s, 72.7, degC
1251.7786, s, 72.7, degC
1252.2944, s, 72.7, degC
1252.8102, s, 72.7, degC
1253.3265, s, 72.7, degC
1253.8421, s, 72.6, degC
1254.3579, s, 72.6, degC
1254.8742, s, 72.6, degC
1255.3898, s, 72.6, degC
1255.9056, s, 72.6, degC
1256.4216, s, 72.6, degC
1256.9373, s, 72.6, degC
1257.4532, s, 72.6, degC
1257.9692, s, 72.6, degC
1258.4849, s, 72.6, degC
1259.0008, s, 72.6, degC
1259.5375, s, 72.6, degC
1260.0327, s, 72.6, degC
1260.5485, s, 72.6, degC
1261.0643, s, 72.6, degC
1261.5801, s, 72.5, degC
1262.0961, s, 72.5, degC
1262.6118, s, 72.5, degC
1263.1363, s, 72.5, degC
1263.6437, s, 72.5, degC
1264.1599, s, 72.5, degC
1264.6755, s, 72.5, degC
1265.1913, s, 72.5, degC
1265.7072, s, 72.6, degC
1266.2230, s, 72.5, degC
1266.7391, s, 72.5, degC
1267.2551, s, 72.5, degC
1267.7706, s, 72.5, degC
1268.2866, s, 72.5, degC
1268.8026, s, 72.5, degC
1269.3184, s, 72.5, degC
1269.8343, s, 72.5, degC
1270.3501, s, 72.5, degC
1270.8658, s, 72.5, degC
1271.3820, s, 72.5, degC
1271.8977, s, 72.4, degC
1272.4323, s, 72.4, degC
1272.9294, s, 72.4, degC
1273.4453, s, 72.4, degC
1273.9613, s, 72.4, degC
1274.4771, s, 72.4, degC
1274.9930, s, 72.4, degC
1275.5090, s, 72.4, degC
1276.0306, s, 72.4, degC
1276.5407, s, 72.4, degC
1277.0564, s, 72.4, degC
1277.5724, s, 72.3, degC
1278.0884, s, 72.3, degC
1278.6041, s, 72.3, degC
1279.1200, s, 72.3, degC
1279.6359, s, 72.3, degC
1280.1520, s, 72.3, degC
1280.6676, s, 72.3, degC
1281.1836, s, 72.3, degC
1281.6994, s, 72.3, degC
1282.2154, s, 72.3, degC
1282.7311, s, 72.3, degC
1283.2470, s, 72.3, degC
1283.7629, s, 72.3, degC
1284.2787, s, 72.2, degC
1284.7949, s, 72.2, degC
1285.3268, s, 72.2, degC
1285.8265, s, 72.2, degC
1286.3422, s, 72.2, degC
1286.8581, s, 72.2, degC
1287.3740, s, 72.2, degC
1287.8898, s, 72.2, degC
1288.4059, s, 72.2, degC
1288.9254, s, 72.2, degC
1289.4375, s, 72.2, degC
1289.9534, s, 72.2, degC
1290.4693, s, 72.2, degC
1290.9853, s, 72.2, degC
1291.5332, s, 72.2, degC
1292.0494, s, 72.2, degC
1292.5649, s, 72.1, degC
1293.0808, s, 72.1, degC
1293.5967, s, 72.1, degC
1294.1126, s, 72.1, degC
1294.6285, s, 72.1, degC
1295.1442, s, 72.1, degC
1295.6607, s, 72.1, degC
1296.1763, s, 72.1, degC
1296.6920, s, 72.1, degC
1297.2081, s, 72.1, degC
1297.7243, s, 72.1, degC
1298.2397, s, 72.1, degC
1298.7555, s, 72.0, degC
1299.2713, s, 72.0, degC
1299.7874, s, 72.0, degC
1300.3203, s, 72.0, degC
1300.8191, s, 72.0, degC
1301.3349, s, 72.0, degC
1301.8507, s, 72.0, degC
1302.3668, s, 72.0, degC
1302.8826, s, 72.0, degC
1303.3983, s, 72.0, degC
1303.9190, s, 72.0, degC
1304.4303, s, 72.0, degC
1304.9461, s, 72.0, degC
1305.4620, s, 72.0, degC
1305.9777, s, 72.0, degC
1306.4940, s, 72.0, degC
1307.0097, s, 72.0, degC
1307.5254, s, 71.9, degC
1308.0413, s, 71.9, degC
1308.5579, s, 71.9, degC
1309.0733, s, 71.9, degC
1309.5891, s, 71.9, degC
1310.1048, s, 71.9, degC
1310.6206, s, 71.9, degC
1311.1368, s, 71.9, degC
1311.6526, s, 71.9, degC
1312.1685, s, 71.9, degC
1312.6842, s, 71.9, degC
1313.2151, s, 71.9, degC
1313.7161, s, 71.9, degC
1314.2319, s, 71.9, degC
1314.7477, s, 71.9, degC
1315.2636, s, 71.8, degC
1315.7795, s, 71.8, degC
1316.2954, s, 71.8, degC
1316.8135, s, 71.8, degC
1317.3273, s, 71.8, degC
1317.8433, s, 71.8, degC
1318.3588, s, 71.7, degC
1318.8747, s, 71.7, degC
1319.3905, s, 71.7, degC
1319.9064, s, 71.7, degC
1320.4224, s, 71.7, degC
1320.9382, s, 71.7, degC
1321.4542, s, 71.7, degC
1321.9700, s, 71.7, degC
1322.4860, s, 71.6, degC
1323.0018, s, 71.6, degC
1323.5176, s, 71.6, degC
1324.0334, s, 71.6, degC
1324.5495, s, 71.6, degC
1325.0653, s, 71.6, degC
1325.5811, s, 71.6, degC
1326.1094, s, 71.6, degC
1326.6129, s, 71.6, degC
1327.1289, s, 71.6, degC
1327.6446, s, 71.6, degC
1328.1609, s, 71.6, degC
1328.6764, s, 71.6, degC
1329.1924, s, 71.5, degC
1329.7085, s, 71.5, degC
1330.2240, s, 71.5, degC
1330.7400, s, 71.5, degC
1331.2559, s, 71.5, degC
1331.7716, s, 71.5, degC
1332.2875, s, 71.5, degC
1332.8033, s, 71.5, degC
1333.3312, s, 71.4, degC
1333.8353, s, 71.4, degC
1334.3510, s, 71.4, degC
1334.8668, s, 71.5, degC
1335.3829, s, 71.5, degC
1335.8988, s, 71.4, degC
1336.4146, s, 71.4, degC
1336.9305, s, 71.4, degC
1337.4462, s, 71.4, degC
1337.9624, s, 71.4, degC
1338.4780, s, 71.4, degC
1338.9941, s, 71.4, degC
1339.5099, s, 71.4, degC
1340.0257, s, 71.4, degC
1340.5419, s, 71.4, degC
1341.0574, s, 71.4, degC
1341.5735, s, 71.4, degC
1342.0891, s, 71.4, degC
1342.6276, s, 71.4, degC
1343.1210, s, 71.4, degC
1343.6368, s, 71.4, degC
1344.1527, s, 71.4, degC
1344.6689, s, 71.4, degC
1345.1845, s, 71.4, degC
1345.7004, s, 71.4, degC
1346.2258, s, 71.4, degC
1346.7321, s, 71.3, degC
1347.2480, s, 71.4, degC
1347.7638, s, 71.4, degC
1348.2796, s, 71.4, degC
1348.7955, s, 71.4, degC
1349.3115, s, 71.4, degC
1349.8278, s, 71.3, degC
1350.3432, s, 71.3, degC
1350.8589, s, 71.3, degC
1351.3752, s, 71.3, degC
1351.8908, s, 71.3, degC
1352.4067, s, 71.3, degC
1352.9226, s, 71.3, degC
1353.4382, s, 71.3, degC
1353.9544, s, 71.3, degC
1354.4702, s, 71.3, degC
1354.9861, s, 71.3, degC
1355.5216, s, 71.2, degC
1356.0183, s, 71.2, degC
1356.5338, s, 71.2, degC
1357.0495, s, 71.2, degC
1357.5653, s, 71.2, degC
1358.0814, s, 71.3, degC
1358.5972, s, 71.3, degC
1359.1202, s, 71.3, degC
1359.6289, s, 71.2, degC
1360.1447, s, 71.2, degC
1360.6608, s, 71.2, degC
1361.1768, s, 71.2, degC
1361.6925, s, 71.2, degC
1362.2087, s, 71.2, degC
1362.7242, s, 71.2, degC
1363.2405, s, 71.2, degC
1363.7558, s, 71.2, degC
1364.2717, s, 71.1, degC
1364.7881, s, 71.1, degC
1365.3036, s, 71.0, degC
1365.8197, s, 71.0, degC
1366.3353, s, 71.0, degC
1366.8510, s, 71.1, degC
1367.3672, s, 71.1, degC
1367.8830, s, 71.1, degC
1368.4165, s, 71.1, degC
1368.9147, s, 71.1, degC
1369.4306, s, 71.1, degC
1369.9465, s, 71.1, degC
1370.4624, s, 71.1, degC
1370.9781, s, 71.1, degC
1371.4942, s, 71.0, degC
1372.0150, s, 71.0, degC
1372.5263, s, 71.0, degC
1373.0419, s, 71.0, degC
1373.5590, s, 71.0, degC
1374.0747, s, 71.0, degC
1374.5894, s, 71.0, degC
1375.1052, s, 71.0, degC
1375.6211, s, 71.0, degC
1376.1371, s, 71.0, degC
1376.6528, s, 71.0, degC
1377.1688, s, 71.0, degC
1377.6846, s, 70.9, degC
1378.2008, s, 70.9, degC
1378.7164, s, 70.9, degC
1379.2322, s, 70.9, degC
1379.7483, s, 70.9, degC
1380.2642, s, 70.9, degC
1380.7800, s, 70.9, degC
1381.3109, s, 70.8, degC
1381.8116, s, 70.8, degC
1382.3276, s, 70.5, degC
1382.8435, s, 70.5, degC
1383.3593, s, 70.5, degC
1383.8752, s, 70.5, degC
1384.3910, s, 70.8, degC
1384.9096, s, 70.8, degC
1385.4230, s, 70.8, degC
1385.9385, s, 70.8, degC
1386.4546, s, 70.8, degC
1386.9706, s, 70.7, degC
1387.4864, s, 70.7, degC
1388.0024, s, 70.7, degC
1388.5180, s, 70.7, degC
1389.0340, s, 70.7, degC
1389.5498, s, 70.7, degC
1390.0658, s, 70.7, degC
1390.5815, s, 70.7, degC
1391.0974, s, 70.7, degC
1391.6135, s, 70.7, degC
1392.1293, s, 70.7, degC
1392.6774, s, 70.7, degC
1393.1930, s, 70.7, degC
1393.7094, s, 70.7, degC
1394.2250, s, 70.6, degC
1394.7413, s, 70.6, degC
1395.2567, s, 70.6, degC
1395.7728, s, 70.6, degC
1396.3047, s, 70.6, degC
1396.8043, s, 70.6, degC
1397.3201, s, 70.6, degC
1397.8361, s, 70.6, degC
1398.3521, s, 70.6, degC
1398.8678, s, 70.6, degC
1399.3837, s, 70.6, degC
1399.9030, s, 70.6, degC
1400.4156, s, 70.6, degC
1400.9315, s, 70.6, degC
1401.4472, s, 70.6, degC
1401.9631, s, 70.6, degC
1402.4791, s, 70.6, degC
1402.9953, s, 70.6, degC
1403.5107, s, 70.5, degC
1404.0266, s, 70.5, degC
1404.5430, s, 70.5, degC
1405.0584, s, 70.5, degC
1405.5746, s, 70.5, degC
1406.0901, s, 70.5, degC
1406.6059, s, 70.5, degC
1407.1219, s, 70.5, degC
1407.6379, s, 70.5, degC
1408.1536, s, 70.5, degC
1408.6695, s, 70.5, degC
1409.1990, s, 70.5, degC
1409.7015, s, 70.5, degC
1410.2171, s, 70.5, degC
1410.7329, s, 70.4, degC
1411.2488, s, 70.4, degC
1411.7646, s, 70.4, degC
1412.2807, s, 70.4, degC
1412.7976, s, 70.4, degC
1413.3123, s, 70.4, degC
1413.8285, s, 70.4, degC
1414.3442, s, 70.4, degC
1414.8600, s, 70.4, degC
1415.3760, s, 70.4, degC
1415.8916, s, 70.4, degC
1416.4079, s, 70.4, degC
1416.9236, s, 70.4, degC
1417.4393, s, 70.4, degC
1417.9551, s, 70.4, degC
1418.4712, s, 70.4, degC
1418.9870, s, 70.3, degC
1419.5030, s, 70.3, degC
1420.0187, s, 70.3, degC
1420.5347, s, 70.3, degC
1421.0506, s, 70.3, degC
1421.5663, s, 70.4, degC
1422.0937, s, 70.4, degC
1422.5980, s, 70.4, degC
1423.1142, s, 70.3, degC
1423.6300, s, 70.3, degC
1424.1457, s, 70.3, degC
1424.6616, s, 70.3, degC
1425.1778, s, 70.3, degC
1425.6934, s, 70.3, degC
1426.2096, s, 70.3, degC
1426.7250, s, 70.3, degC
1427.2412, s, 70.3, degC
1427.7569, s, 70.3, degC
1428.2728, s, 70.3, degC
1428.7890, s, 70.2, degC
1429.3045, s, 70.2, degC
1429.8205, s, 70.2, degC
1430.3364, s, 70.2, degC
1430.8522, s, 70.2, degC
1431.3895, s, 70.2, degC
1431.8840, s, 70.2, degC
1432.3999, s, 70.3, degC
1432.9158, s, 70.2, degC
1433.4314, s, 70.2, degC
1433.9477, s, 70.2, degC
1434.4634, s, 70.2, degC
1434.9791, s, 70.2, degC
1435.4953, s, 70.2, degC
1436.0111, s, 70.2, degC
1436.5269, s, 70.2, degC
1437.0427, s, 70.2, degC
1437.5584, s, 70.2, degC
1438.0743, s, 70.2, degC
1438.6116, s, 70.2, degC
1439.1062, s, 70.2, degC
1439.6222, s, 70.2, degC
1440.1379, s, 70.2, degC
1440.6539, s, 70.1, degC
1441.1696, s, 70.1, degC
1441.6856, s, 70.1, degC
1442.2104, s, 70.1, degC
1442.7175, s, 70.1, degC
1443.2334, s, 70.1, degC
1443.7491, s, 70.1, degC
1444.2649, s, 70.1, degC
1444.7808, s, 70.1, degC
1445.2970, s, 70.1, degC
1445.8127, s, 70.1, degC
1446.3286, s, 70.1, degC
1446.8443, s, 70.1, degC
1447.3603, s, 70.1, degC
1447.8762, s, 70.0, degC
1448.3920, s, 70.0, degC
1448.9080, s, 70.0, degC
1449.4237, s, 70.0, degC
1449.9396, s, 70.0, degC
1450.4555, s, 70.0, degC
1450.9712, s, 70.0, degC
1451.5061, s, 70.0, degC
1452.0033, s, 69.9, degC
1452.5192, s, 69.9, degC
1453.0351, s, 69.9, degC
1453.5507, s, 69.9, degC
1454.0669, s, 69.9, degC
1454.5825, s, 69.9, degC
1455.1043, s, 69.9, degC
1455.6141, s, 69.9, degC
1456.1304, s, 69.9, degC
1456.6462, s, 69.8, degC
1457.1621, s, 69.8, degC
1457.6777, s, 69.8, degC
1458.1936, s, 69.8, degC
1458.7097, s, 69.9, degC
1459.2254, s, 69.8, degC
1459.7413, s, 69.8, degC
1460.2572, s, 69.8, degC
1460.7732, s, 69.8, degC
1461.2893, s, 69.8, degC
1461.8089, s, 69.8, degC
1462.3208, s, 69.8, degC
1462.8366, s, 69.8, degC
1463.3526, s, 69.7, degC
1463.8684, s, 69.7, degC
1464.4006, s, 69.7, degC
1464.9001, s, 69.7, degC
1465.4161, s, 69.7, degC
1465.9318, s, 69.7, degC
1466.4478, s, 69.7, degC
1466.9636, s, 69.7, degC
1467.4795, s, 69.7, degC
1467.9992, s, 69.7, degC
1468.5113, s, 69.7, degC
1469.0270, s, 69.7, degC
1469.5430, s, 69.7, degC
1470.0590, s, 69.7, degC
1470.5750, s, 69.7, degC
1471.0906, s, 69.7, degC
1471.6064, s, 69.6, degC
1472.1227, s, 69.6, degC
1472.6382, s, 69.6, degC
1473.1541, s, 69.6, degC
1473.6701, s, 69.6, degC
1474.1860, s, 69.6, degC
1474.7018, s, 69.6, degC
1475.2177, s, 69.6, degC
1475.7336, s, 69.6, degC
1476.2494, s, 69.5, degC
1476.7653, s, 69.5, degC
1477.2952, s, 69.5, degC
1477.7969, s, 69.5, degC
1478.3128, s, 69.5, degC
1478.8287, s, 69.5, degC
1479.3446, s, 69.5, degC
1479.8604, s, 69.5, degC
1480.3767, s, 69.5, degC
1480.8936, s, 69.5, degC
1481.4083, s, 69.5, degC
1481.9240, s, 69.5, degC
1482.4399, s, 69.5, degC
1482.9561, s, 69.5, degC
1483.4717, s, 69.5, degC
1483.9875, s, 69.5, degC
1484.5035, s, 69.4, degC
1485.0192, s, 69.4, degC
1485.5352, s, 69.4, degC
1486.0512, s, 69.4, degC
1486.5668, s, 69.4, degC
1487.0828, s, 69.4, degC
1487.5988, s, 69.4, degC
1488.1147, s, 69.4, degC
1488.6304, s, 69.4, degC
1489.1463, s, 69.4, degC
1489.6622, s, 69.4, degC
1490.1895, s, 69.4, degC
1490.6939, s, 69.4, degC
1491.2101, s, 69.4, degC
1491.7256, s, 69.4, degC
1492.2417, s, 69.4, degC
1492.7577, s, 69.4, degC
1493.3055, s, 69.4, degC
1493.8213, s, 69.4, degC
1494.3376, s, 69.3, degC
1494.8531, s, 69.3, degC
1495.3691, s, 69.3, degC
1495.8872, s, 69.2, degC
1496.4010, s, 69.2, degC
1496.9168, s, 69.2, degC
1497.4325, s, 69.2, degC
1497.9486, s, 69.2, degC
1498.4643, s, 69.2, degC
1498.9804, s, 69.3, degC
1499.4962, s, 69.2, degC
1500.0119, s, 69.2, degC
1500.5282, s, 69.2, degC
1501.0440, s, 69.2, degC
1501.5595, s, 69.2, degC
1502.0755, s, 69.1, degC
1502.5914, s, 69.1, degC
1503.1072, s, 69.1, degC
1503.6232, s, 69.1, degC
1504.1390, s, 69.1, degC
1504.6548, s, 69.2, degC
1505.1833, s, 69.1, degC
1505.6868, s, 69.1, degC
1506.2027, s, 69.2, degC
1506.7183, s, 69.1, degC
1507.2342, s, 69.1, degC
1507.7501, s, 69.1, degC
1508.2662, s, 69.2, degC
1508.7821, s, 69.1, degC
1509.2979, s, 69.1, degC
1509.8137, s, 69.1, degC
1510.3298, s, 69.1, degC
1510.8453, s, 69.1, degC
1511.3617, s, 69.1, degC
1511.8773, s, 69.1, degC
1512.4051, s, 69.1, degC
1512.9092, s, 69.1, degC
1513.4247, s, 69.1, degC
1513.9406, s, 69.1, degC
1514.4566, s, 69.1, degC
1514.9724, s, 69.1, degC
1515.4882, s, 69.0, degC
1516.0041, s, 69.0, degC
1516.5201, s, 69.0, degC
1517.0360, s, 69.0, degC
1517.5516, s, 69.0, degC
1518.0675, s, 69.0, degC
1518.5834, s, 69.0, degC
1519.0995, s, 69.0, degC
1519.6154, s, 69.0, degC
1520.1312, s, 69.0, degC
1520.6469, s, 69.0, degC
1521.1631, s, 69.0, degC
1521.7015, s, 69.0, degC
1522.1950, s, 69.0, degC
1522.7104, s, 69.0, degC
1523.2265, s, 69.0, degC
1523.7426, s, 68.9, degC
1524.2582, s, 68.9, degC
1524.7740, s, 68.9, degC
1525.2998, s, 68.9, degC
1525.8058, s, 68.9, degC
1526.3217, s, 68.9, degC
1526.8375, s, 68.9, degC
1527.3534, s, 68.9, degC
1527.8695, s, 68.9, degC
1528.3852, s, 68.9, degC
1528.9013, s, 68.9, degC
1529.4171, s, 68.9, degC
1529.9329, s, 68.9, degC
1530.4488, s, 68.9, degC
1530.9648, s, 68.8, degC
1531.4804, s, 68.8, degC
1531.9964, s, 68.8, degC
1532.5122, s, 68.7, degC
1533.0284, s, 68.7, degC
1533.5438, s, 68.7, degC
1534.0597, s, 68.7, degC
1534.5756, s, 68.7, degC
1535.0918, s, 68.7, degC
1535.6078, s, 68.7, degC
1536.1232, s, 68.7, degC
1536.6393, s, 68.7, degC
1537.1552, s, 68.7, degC
1537.6710, s, 68.7, degC
1538.1868, s, 68.7, degC
1538.7027, s, 68.7, degC
1539.2186, s, 68.7, degC
1539.7346, s, 68.7, degC
1540.2504, s, 68.7, degC
1540.7661, s, 68.7, degC
1541.2822, s, 68.7, degC
1541.8178, s, 68.7, degC
1542.3138, s, 68.6, degC
1542.8296, s, 68.6, degC
1543.3456, s, 68.6, degC
1543.8616, s, 68.6, degC
1544.3775, s, 68.6, degC
1544.8931, s, 68.7, degC
1545.4163, s, 68.6, degC
1545.9266, s, 68.6, degC
1546.4411, s, 68.6, degC
1546.9567, s, 68.6, degC
1547.4725, s, 68.6, degC
1547.9886, s, 68.6, degC
1548.5047, s, 68.6, degC
1549.0204, s, 68.7, degC
1549.5359, s, 68.6, degC
1550.0522, s, 68.6, degC
1550.5680, s, 68.6, degC
1551.0839, s, 68.6, degC
1551.5995, s, 68.6, degC
1552.1155, s, 68.6, degC
1552.6314, s, 68.6, degC
1553.1473, s, 68.6, degC
1553.6633, s, 68.6, degC
1554.1789, s, 68.6, degC
1554.7122, s, 68.6, degC
1555.2110, s, 68.6, degC
1555.7266, s, 68.6, degC
1556.2425, s, 68.6, degC
1556.7586, s, 68.5, degC
1557.2745, s, 68.5, degC
1557.7901, s, 68.5, degC
1558.3108, s, 68.5, degC
1558.8224, s, 68.5, degC
1559.3380, s, 68.5, degC
1559.8539, s, 68.5, degC
1560.3697, s, 68.5, degC
1560.8853, s, 68.5, degC
1561.4015, s, 68.5, degC
1561.9172, s, 68.5, degC
1562.4331, s, 68.5, degC
1562.9489, s, 68.5, degC
1563.4648, s, 68.5, degC
1563.9807, s, 68.5, degC
1564.4965, s, 68.5, degC
1565.0123, s, 68.5, degC
1565.5282, s, 68.5, degC
1566.0445, s, 68.4, degC
1566.5601, s, 68.4, degC
1567.0759, s, 68.4, degC
1567.6069, s, 68.4, degC
1568.1078, s, 68.4, degC
1568.6237, s, 68.4, degC
1569.1395, s, 68.4, degC
1569.6553, s, 68.4, degC
1570.1713, s, 68.4, degC
1570.6870, s, 68.4, degC
1571.2053, s, 68.4, degC
1571.7188, s, 68.4, degC
1572.2349, s, 68.4, degC
1572.7510, s, 68.3, degC
1573.2665, s, 68.3, degC
1573.7823, s, 68.3, degC
1574.2982, s, 68.3, degC
1574.8142, s, 68.3, degC
1575.3302, s, 68.3, degC
1575.8458, s, 68.3, degC
1576.3620, s, 68.3, degC
1576.8777, s, 68.3, degC
1577.3936, s, 68.3, degC
1577.9097, s, 68.2, degC
1578.4251, s, 68.2, degC
1578.9417, s, 68.2, degC
1579.4573, s, 68.2, degC
1579.9729, s, 68.2, degC
1580.5012, s, 68.2, degC
1581.0047, s, 68.2, degC
1581.5206, s, 68.2, degC
1582.0365, s, 68.2, degC
1582.5522, s, 68.2, degC
1583.0682, s, 68.2, degC
1583.5840, s, 68.2, degC
1584.0999, s, 68.2, degC
1584.6159, s, 68.2, degC
1585.1316, s, 68.2, degC
1585.6475, s, 68.2, degC
1586.1636, s, 68.2, degC
1586.6793, s, 68.2, degC
1587.1952, s, 68.1, degC
1587.7110, s, 68.1, degC
1588.2269, s, 68.1, degC
1588.7429, s, 68.1, degC
1589.2588, s, 68.1, degC
1589.7973, s, 68.1, degC
1590.2905, s, 68.1, degC
1590.8062, s, 68.1, degC
1591.3222, s, 68.1, degC
1591.8380, s, 68.1, degC
1592.3538, s, 68.1, degC
1592.8700, s, 68.1, degC
1593.3959, s, 68.1, degC
1593.9337, s, 68.1, degC
1594.4496, s, 68.1, degC
1594.9655, s, 68.1, degC
1595.4950, s, 68.0, degC
1595.9974, s, 68.0, degC
1596.5131, s, 68.0, degC
1597.0292, s, 68.0, degC
1597.5450, s, 68.0, degC
1598.0608, s, 68.1, degC
1598.5769, s, 68.1, degC
1599.0934, s, 68.1, degC
1599.6087, s, 68.0, degC
1600.1245, s, 68.0, degC
1600.6402, s, 68.0, degC
1601.1561, s, 68.0, degC
1601.6720, s, 68.0, degC
1602.1878, s, 68.0, degC
1602.7037, s, 68.0, degC
1603.2194, s, 68.0, degC
1603.7356, s, 68.0, degC
1604.2515, s, 68.0, degC
1604.7672, s, 68.0, degC
1605.2831, s, 67.8, degC
1605.7991, s, 67.8, degC
1606.3150, s, 67.8, degC
1606.8306, s, 67.8, degC
1607.3465, s, 67.9, degC
1607.8626, s, 67.9, degC
1608.3894, s, 67.9, degC
1608.8943, s, 67.9, degC
1609.4106, s, 67.9, degC
1609.9260, s, 67.9, degC
1610.4420, s, 67.9, degC
1610.9578, s, 67.9, degC
1611.4737, s, 67.9, degC
1611.9895, s, 67.9, degC
1612.5054, s, 67.9, degC
1613.0213, s, 67.9, degC
1613.5370, s, 67.9, degC
1614.0529, s, 67.8, degC
1614.5689, s, 67.8, degC
1615.0849, s, 67.8, degC
1615.6011, s, 67.8, degC
1616.1166, s, 67.8, degC
1616.6324, s, 67.8, degC
1617.1483, s, 67.8, degC
1617.6857, s, 67.7, degC
1618.1800, s, 67.7, degC
1618.6959, s, 67.7, degC
1619.2118, s, 67.7, degC
1619.7276, s, 67.7, degC
1620.2439, s, 67.7, degC
1620.7645, s, 67.7, degC
1621.2840, s, 67.7, degC
1621.7914, s, 67.7, degC
1622.3070, s, 67.7, degC
1622.8231, s, 67.7, degC
1623.3387, s, 67.7, degC
1623.8548, s, 67.7, degC
1624.3707, s, 67.7, degC
1624.8864, s, 67.7, degC
1625.4023, s, 67.7, degC
1625.9183, s, 67.7, degC
1626.4341, s, 67.7, degC
1626.9501, s, 67.7, degC
1627.4657, s, 67.7, degC
1627.9818, s, 67.7, degC
1628.4976, s, 67.6, degC
1629.0135, s, 67.6, degC
1629.5293, s, 67.6, degC
1630.0451, s, 67.6, degC
1630.5801, s, 67.6, degC
1631.0772, s, 67.6, degC
1631.5927, s, 67.6, degC
1632.1089, s, 67.6, degC
1632.6247, s, 67.6, degC
1633.1404, s, 67.6, degC
1633.6566, s, 67.5, degC
1634.1723, s, 67.5, degC
1634.6880, s, 67.6, degC
1635.2040, s, 67.6, degC
1635.7198, s, 67.6, degC
1636.2359, s, 67.6, degC
1636.7516, s, 67.6, degC
1637.2677, s, 67.5, degC
1637.8019, s, 67.5, degC
1638.2992, s, 67.5, degC
1638.8150, s, 67.5, degC
1639.3312, s, 67.5, degC
1639.8469, s, 67.5, degC
1640.3628, s, 67.5, degC
1640.8785, s, 67.5, degC
1641.4005, s, 67.5, degC
1641.9106, s, 67.5, degC
1642.4263, s, 67.5, degC
1642.9420, s, 67.5, degC
1643.4581, s, 67.5, degC
1643.9738, s, 67.5, degC
1644.4900, s, 67.5, degC
1645.0056, s, 67.5, degC
1645.5214, s, 67.5, degC
1646.0376, s, 67.5, degC
1646.5533, s, 67.5, degC
1647.0692, s, 67.5, degC
1647.5849, s, 67.5, degC
1648.1008, s, 67.5, degC
1648.6169, s, 67.4, degC
1649.1327, s, 67.4, degC
1649.6485, s, 67.4, degC
1650.1644, s, 67.4, degC
1650.6966, s, 67.4, degC
1651.1964, s, 67.4, degC
1651.7120, s, 67.4, degC
1652.2278, s, 67.4, degC
1652.7439, s, 67.4, degC
1653.2596, s, 67.4, degC
1653.7756, s, 67.4, degC
1654.2951, s, 67.4, degC
1654.8071, s, 67.4, degC
1655.3234, s, 67.4, degC
1655.8391, s, 67.4, degC
1656.3549, s, 67.4, degC
1656.8710, s, 67.4, degC
1657.3866, s, 67.4, degC
1657.9026, s, 67.3, degC
1658.4190, s, 67.3, degC
1658.9343, s, 67.3, degC
1659.4503, s, 67.3, degC
1659.9661, s, 67.3, degC
1660.4819, s, 67.3, degC
1660.9978, s, 67.3, degC
1661.5140, s, 67.3, degC
1662.0296, s, 67.3, degC
1662.5454, s, 67.3, degC
1663.0613, s, 67.3, degC
1663.5909, s, 67.2, degC
1664.0931, s, 67.2, degC
1664.6089, s, 67.2, degC
1665.1247, s, 67.2, degC
1665.6409, s, 67.2, degC
1666.1569, s, 67.2, degC
1666.6725, s, 67.2, degC
1667.1895, s, 67.2, degC
1667.7043, s, 67.2, degC
1668.2201, s, 67.2, degC
1668.7360, s, 67.2, degC
1669.2520, s, 67.2, degC
1669.7677, s, 67.2, degC
1670.2837, s, 67.2, degC
1670.7994, s, 67.2, degC
1671.3154, s, 67.1, degC
1671.8312, s, 67.2, degC
1672.3471, s, 67.2, degC
1672.8632, s, 67.2, degC
1673.3790, s, 67.2, degC
1673.8948, s, 67.2, degC
1674.4109, s, 67.1, degC
1674.9266, s, 67.1, degC
1675.4427, s, 67.1, degC
1675.9583, s, 67.1, degC
